"rep","seed","n","k","family","method","eta0","eta_mult","eta_init","eta_times_n","eps_grad","max_gd_steps","beta_ls","c_ls","Rprime","error","error_message","elapsed_sec","num_of_steps","converged","exploded","score_Y_max_abs","bt_mean","bt_max","bt_frac0","bt_frac_hit_cap","ls_fail_frac","record_id"
1,3123,500,2,"gaussian","fixed",0.001,10,0.01,5,0.01,2000,0.5,1,0,0,NA,0.686,12,0,1,Inf,0,0,1,1,0,1
1,3123,500,2,"gaussian","linesearch",0.001,10,0.01,5,0.01,2000,0.5,1,7,0,NA,2.705,57,1,0,0.00899881514866836,3,3,0,0,0,2
1,3123,500,2,"gaussian","fixed",0.001,5,0.005,2.5,0.01,2000,0.5,1,0,0,NA,0.637,16,0,1,Inf,0,0,1,1,0,3
1,3123,500,2,"gaussian","linesearch",0.001,5,0.005,2.5,0.01,2000,0.5,1,7,0,NA,2.083,57,1,0,0.00899881514866836,2,2,0,0,0,4
1,3123,500,2,"gaussian","fixed",0.001,1,0.001,0.5,0.01,2000,0.5,1,0,0,NA,0.845999999999999,72,1,0,0.00900137409197183,0,0,1,1,0,5
1,3123,500,2,"gaussian","linesearch",0.001,1,0.001,0.5,0.01,2000,0.5,1,7,0,NA,1.638,72,1,0,0.00900137409197183,0,0,1,0,0,6
1,3123,500,2,"gaussian","fixed",0.001,0.2,2e-04,0.1,0.01,2000,0.5,1,0,0,NA,1.816,367,1,0,0.00995345517227072,0,0,1,1,0,7
1,3123,500,2,"gaussian","linesearch",0.001,0.2,2e-04,0.1,0.01,2000,0.5,1,7,0,NA,5.75,367,1,0,0.00995345517227072,0,0,1,0,0,8
2,4123,500,2,"gaussian","fixed",0.001,10,0.01,5,0.01,2000,0.5,1,0,0,NA,0.699,12,0,1,NA,0,0,1,1,0,9
2,4123,500,2,"gaussian","linesearch",0.001,10,0.01,5,0.01,2000,0.5,1,7,0,NA,2.755,57,1,0,0.00879498174869869,3,3,0,0,0,10
2,4123,500,2,"gaussian","fixed",0.001,5,0.005,2.5,0.01,2000,0.5,1,0,0,NA,0.646999999999999,16,0,1,Inf,0,0,1,1,0,11
2,4123,500,2,"gaussian","linesearch",0.001,5,0.005,2.5,0.01,2000,0.5,1,7,0,NA,2.183,57,1,0,0.00879498174869869,2,2,0,0,0,12
2,4123,500,2,"gaussian","fixed",0.001,1,0.001,0.5,0.01,2000,0.5,1,0,0,NA,0.858999999999999,71,1,0,0.00968575702252072,0,0,1,1,0,13
2,4123,500,2,"gaussian","linesearch",0.001,1,0.001,0.5,0.01,2000,0.5,1,7,0,NA,1.677,71,1,0,0.00968575702252072,0,0,1,0,0,14
2,4123,500,2,"gaussian","fixed",0.001,0.2,2e-04,0.1,0.01,2000,0.5,1,0,0,NA,2.028,365,1,0,0.00983558393178385,0,0,1,1,0,15
2,4123,500,2,"gaussian","linesearch",0.001,0.2,2e-04,0.1,0.01,2000,0.5,1,7,0,NA,6.911,365,1,0,0.00983558393178385,0,0,1,0,0,16
3,5123,500,2,"gaussian","fixed",0.001,10,0.01,5,0.01,2000,0.5,1,0,0,NA,0.703,12,0,1,NA,0,0,1,1,0,17
3,5123,500,2,"gaussian","linesearch",0.001,10,0.01,5,0.01,2000,0.5,1,7,0,NA,2.778,57,1,0,0.00955364769105563,3,3,0,0,0,18
3,5123,500,2,"gaussian","fixed",0.001,5,0.005,2.5,0.01,2000,0.5,1,0,0,NA,0.656000000000001,16,0,1,NA,0,0,1,1,0,19
3,5123,500,2,"gaussian","linesearch",0.001,5,0.005,2.5,0.01,2000,0.5,1,7,0,NA,2.171,57,1,0,0.00955364769105563,2,2,0,0,0,20
3,5123,500,2,"gaussian","fixed",0.001,1,0.001,0.5,0.01,2000,0.5,1,0,0,NA,0.867,72,1,0,0.00951129611303858,0,0,1,1,0,21
3,5123,500,2,"gaussian","linesearch",0.001,1,0.001,0.5,0.01,2000,0.5,1,7,0,NA,1.686,72,1,0,0.00951129611303858,0,0,1,0,0,22
3,5123,500,2,"gaussian","fixed",0.001,0.2,2e-04,0.1,0.01,2000,0.5,1,0,0,NA,1.882,369,1,0,0.00991888426324308,0,0,1,1,0,23
3,5123,500,2,"gaussian","linesearch",0.001,0.2,2e-04,0.1,0.01,2000,0.5,1,7,0,NA,6.169,369,1,0,0.00991888426324308,0,0,1,0,0,24
4,6123,500,2,"gaussian","fixed",0.001,10,0.01,5,0.01,2000,0.5,1,0,0,NA,0.695,12,0,1,NA,0,0,1,1,0,25
4,6123,500,2,"gaussian","linesearch",0.001,10,0.01,5,0.01,2000,0.5,1,7,0,NA,2.744,58,1,0,0.00985320634730769,3,3,0,0,0,26
4,6123,500,2,"gaussian","fixed",0.001,5,0.005,2.5,0.01,2000,0.5,1,0,0,NA,0.618,16,0,1,NA,0,0,1,1,0,27
4,6123,500,2,"gaussian","linesearch",0.001,5,0.005,2.5,0.01,2000,0.5,1,7,0,NA,2.166,58,1,0,0.00985320634730769,2,2,0,0,0,28
4,6123,500,2,"gaussian","fixed",0.001,1,0.001,0.5,0.01,2000,0.5,1,0,0,NA,0.833,74,1,0,0.00908451767788399,0,0,1,1,0,29
4,6123,500,2,"gaussian","linesearch",0.001,1,0.001,0.5,0.01,2000,0.5,1,7,0,NA,1.673,74,1,0,0.00908451767788399,0,0,1,0,0,30
4,6123,500,2,"gaussian","fixed",0.001,0.2,2e-04,0.1,0.01,2000,0.5,1,0,0,NA,1.878,377,1,0,0.00988419219728498,0,0,1,1,0,31
4,6123,500,2,"gaussian","linesearch",0.001,0.2,2e-04,0.1,0.01,2000,0.5,1,7,0,NA,6.838,377,1,0,0.00988419219728498,0,0,1,0,0,32
5,7123,500,2,"gaussian","fixed",0.001,10,0.01,5,0.01,2000,0.5,1,0,0,NA,0.673,12,0,1,Inf,0,0,1,1,0,33
5,7123,500,2,"gaussian","linesearch",0.001,10,0.01,5,0.01,2000,0.5,1,7,0,NA,3.2,59,1,0,0.00961609439181282,3,3,0,0,0,34
5,7123,500,2,"gaussian","fixed",0.001,5,0.005,2.5,0.01,2000,0.5,1,0,0,NA,0.635,16,0,1,NA,0,0,1,1,0,35
5,7123,500,2,"gaussian","linesearch",0.001,5,0.005,2.5,0.01,2000,0.5,1,7,0,NA,2.217,59,1,0,0.00961609439181282,2,2,0,0,0,36
5,7123,500,2,"gaussian","fixed",0.001,1,0.001,0.5,0.01,2000,0.5,1,0,0,NA,0.882000000000001,75,1,0,0.0091156904379871,0,0,1,1,0,37
5,7123,500,2,"gaussian","linesearch",0.001,1,0.001,0.5,0.01,2000,0.5,1,7,0,NA,1.67,75,1,0,0.0091156904379871,0,0,1,0,0,38
5,7123,500,2,"gaussian","fixed",0.001,0.2,2e-04,0.1,0.01,2000,0.5,1,0,0,NA,1.956,382,1,0,0.0099290624705049,0,0,1,1,0,39
5,7123,500,2,"gaussian","linesearch",0.001,0.2,2e-04,0.1,0.01,2000,0.5,1,7,0,NA,7.019,382,1,0,0.0099290624705049,0,0,1,0,0,40
6,8123,500,2,"gaussian","fixed",0.001,10,0.01,5,0.01,2000,0.5,1,0,0,NA,0.662,12,0,1,Inf,0,0,1,1,0,41
6,8123,500,2,"gaussian","linesearch",0.001,10,0.01,5,0.01,2000,0.5,1,7,0,NA,3.36,59,1,0,0.00920706157298756,3,3,0,0,0,42
6,8123,500,2,"gaussian","fixed",0.001,5,0.005,2.5,0.01,2000,0.5,1,0,0,NA,0.663,16,0,1,NA,0,0,1,1,0,43
6,8123,500,2,"gaussian","linesearch",0.001,5,0.005,2.5,0.01,2000,0.5,1,7,0,NA,2.611,59,1,0,0.00920706157298756,2,2,0,0,0,44
6,8123,500,2,"gaussian","fixed",0.001,1,0.001,0.5,0.01,2000,0.5,1,0,0,NA,0.847999999999999,74,1,0,0.00965255471421145,0,0,1,1,0,45
6,8123,500,2,"gaussian","linesearch",0.001,1,0.001,0.5,0.01,2000,0.5,1,7,0,NA,1.678,74,1,0,0.00965255471421145,0,0,1,0,0,46
6,8123,500,2,"gaussian","fixed",0.001,0.2,2e-04,0.1,0.01,2000,0.5,1,0,0,NA,2.008,380,1,0,0.0098784320975811,0,0,1,1,0,47
6,8123,500,2,"gaussian","linesearch",0.001,0.2,2e-04,0.1,0.01,2000,0.5,1,7,0,NA,7.653,380,1,0,0.0098784320975811,0,0,1,0,0,48
7,9123,500,2,"gaussian","fixed",0.001,10,0.01,5,0.01,2000,0.5,1,0,0,NA,0.679,12,0,1,NA,0,0,1,1,0,49
7,9123,500,2,"gaussian","linesearch",0.001,10,0.01,5,0.01,2000,0.5,1,7,0,NA,3.322,59,1,0,0.00966429684703735,3,3,0,0,0,50
7,9123,500,2,"gaussian","fixed",0.001,5,0.005,2.5,0.01,2000,0.5,1,0,0,NA,0.649,15,0,1,NA,0,0,1,1,0,51
7,9123,500,2,"gaussian","linesearch",0.001,5,0.005,2.5,0.01,2000,0.5,1,7,0,NA,2.487,59,1,0,0.00966429684703735,2,2,0,0,0,52
7,9123,500,2,"gaussian","fixed",0.001,1,0.001,0.5,0.01,2000,0.5,1,0,0,NA,0.850999999999999,75,1,0,0.00914877747882509,0,0,1,1,0,53
7,9123,500,2,"gaussian","linesearch",0.001,1,0.001,0.5,0.01,2000,0.5,1,7,0,NA,2.032,75,1,0,0.00914877747882509,0,0,1,0,0,54
7,9123,500,2,"gaussian","fixed",0.001,0.2,2e-04,0.1,0.01,2000,0.5,1,0,0,NA,1.907,382,1,0,0.00986926227945428,0,0,1,1,0,55
7,9123,500,2,"gaussian","linesearch",0.001,0.2,2e-04,0.1,0.01,2000,0.5,1,7,0,NA,7.098,382,1,0,0.00986926227945428,0,0,1,0,0,56
8,10123,500,2,"gaussian","fixed",0.001,10,0.01,5,0.01,2000,0.5,1,0,0,NA,0.674,12,0,1,Inf,0,0,1,1,0,57
8,10123,500,2,"gaussian","linesearch",0.001,10,0.01,5,0.01,2000,0.5,1,7,0,NA,2.939,58,1,0,0.00900549011203156,3,3,0,0,0,58
8,10123,500,2,"gaussian","fixed",0.001,5,0.005,2.5,0.01,2000,0.5,1,0,0,NA,0.659,16,0,1,NA,0,0,1,1,0,59
8,10123,500,2,"gaussian","linesearch",0.001,5,0.005,2.5,0.01,2000,0.5,1,7,0,NA,2.166,58,1,0,0.00900549011203156,2,2,0,0,0,60
8,10123,500,2,"gaussian","fixed",0.001,1,0.001,0.5,0.01,2000,0.5,1,0,0,NA,0.818,73,1,0,0.00925323962295893,0,0,1,1,0,61
8,10123,500,2,"gaussian","linesearch",0.001,1,0.001,0.5,0.01,2000,0.5,1,7,0,NA,1.656,73,1,0,0.00925323962295893,0,0,1,0,0,62
8,10123,500,2,"gaussian","fixed",0.001,0.2,2e-04,0.1,0.01,2000,0.5,1,0,0,NA,1.921,373,1,0,0.00999851739812446,0,0,1,1,0,63
8,10123,500,2,"gaussian","linesearch",0.001,0.2,2e-04,0.1,0.01,2000,0.5,1,7,0,NA,7.023,373,1,0,0.00999851739812446,0,0,1,0,0,64
9,11123,500,2,"gaussian","fixed",0.001,10,0.01,5,0.01,2000,0.5,1,0,0,NA,0.67,12,0,1,NA,0,0,1,1,0,65
9,11123,500,2,"gaussian","linesearch",0.001,10,0.01,5,0.01,2000,0.5,1,7,0,NA,2.926,58,1,0,0.00922417625097183,3,3,0,0,0,66
9,11123,500,2,"gaussian","fixed",0.001,5,0.005,2.5,0.01,2000,0.5,1,0,0,NA,0.625,16,0,1,NA,0,0,1,1,0,67
9,11123,500,2,"gaussian","linesearch",0.001,5,0.005,2.5,0.01,2000,0.5,1,7,0,NA,2.195,58,1,0,0.00922417625097183,2,2,0,0,0,68
9,11123,500,2,"gaussian","fixed",0.001,1,0.001,0.5,0.01,2000,0.5,1,0,0,NA,0.861000000000001,73,1,0,0.00944173609613352,0,0,1,1,0,69
9,11123,500,2,"gaussian","linesearch",0.001,1,0.001,0.5,0.01,2000,0.5,1,7,0,NA,1.726,73,1,0,0.00944173609613352,0,0,1,0,0,70
9,11123,500,2,"gaussian","fixed",0.001,0.2,2e-04,0.1,0.01,2000,0.5,1,0,0,NA,1.961,374,1,0,0.00989129588393356,0,0,1,1,0,71
9,11123,500,2,"gaussian","linesearch",0.001,0.2,2e-04,0.1,0.01,2000,0.5,1,7,0,NA,6.475,374,1,0,0.00989129588393356,0,0,1,0,0,72
10,12123,500,2,"gaussian","fixed",0.001,10,0.01,5,0.01,2000,0.5,1,0,0,NA,0.674,12,0,1,NA,0,0,1,1,0,73
10,12123,500,2,"gaussian","linesearch",0.001,10,0.01,5,0.01,2000,0.5,1,7,0,NA,2.972,57,1,0,0.00960527366779418,3,3,0,0,0,74
10,12123,500,2,"gaussian","fixed",0.001,5,0.005,2.5,0.01,2000,0.5,1,0,0,NA,0.676,16,0,1,NA,0,0,1,1,0,75
10,12123,500,2,"gaussian","linesearch",0.001,5,0.005,2.5,0.01,2000,0.5,1,7,0,NA,2.186,57,1,0,0.00960527366779418,2,2,0,0,0,76
10,12123,500,2,"gaussian","fixed",0.001,1,0.001,0.5,0.01,2000,0.5,1,0,0,NA,0.855,72,1,0,0.00956815304135517,0,0,1,1,0,77
10,12123,500,2,"gaussian","linesearch",0.001,1,0.001,0.5,0.01,2000,0.5,1,7,0,NA,1.736,72,1,0,0.00956815304135517,0,0,1,0,0,78
10,12123,500,2,"gaussian","fixed",0.001,0.2,2e-04,0.1,0.01,2000,0.5,1,0,0,NA,1.943,369,1,0,0.00999867641356589,0,0,1,1,0,79
10,12123,500,2,"gaussian","linesearch",0.001,0.2,2e-04,0.1,0.01,2000,0.5,1,7,0,NA,6.341,369,1,0,0.00999867641356589,0,0,1,0,0,80
11,13123,500,2,"gaussian","fixed",0.001,10,0.01,5,0.01,2000,0.5,1,0,0,NA,0.751,12,0,1,Inf,0,0,1,1,0,81
11,13123,500,2,"gaussian","linesearch",0.001,10,0.01,5,0.01,2000,0.5,1,7,0,NA,2.706,57,1,0,0.00979116160437976,3,3,0,0,0,82
11,13123,500,2,"gaussian","fixed",0.001,5,0.005,2.5,0.01,2000,0.5,1,0,0,NA,0.637,16,0,1,NA,0,0,1,1,0,83
11,13123,500,2,"gaussian","linesearch",0.001,5,0.005,2.5,0.01,2000,0.5,1,7,0,NA,2.105,57,1,0,0.00979116160437976,2,2,0,0,0,84
11,13123,500,2,"gaussian","fixed",0.001,1,0.001,0.5,0.01,2000,0.5,1,0,0,NA,0.835000000000001,72,1,0,0.00972137244791238,0,0,1,1,0,85
11,13123,500,2,"gaussian","linesearch",0.001,1,0.001,0.5,0.01,2000,0.5,1,7,0,NA,1.651,72,1,0,0.00972137244791238,0,0,1,0,0,86
11,13123,500,2,"gaussian","fixed",0.001,0.2,2e-04,0.1,0.01,2000,0.5,1,0,0,NA,1.845,370,1,0,0.00984610303392097,0,0,1,1,0,87
11,13123,500,2,"gaussian","linesearch",0.001,0.2,2e-04,0.1,0.01,2000,0.5,1,7,0,NA,6.04,370,1,0,0.00984610303392097,0,0,1,0,0,88
12,14123,500,2,"gaussian","fixed",0.001,10,0.01,5,0.01,2000,0.5,1,0,0,NA,0.672,12,0,1,NA,0,0,1,1,0,89
12,14123,500,2,"gaussian","linesearch",0.001,10,0.01,5,0.01,2000,0.5,1,7,0,NA,3.063,61,1,0,0.00923226876580607,3,3,0,0,0,90
12,14123,500,2,"gaussian","fixed",0.001,5,0.005,2.5,0.01,2000,0.5,1,0,0,NA,0.621,16,0,1,Inf,0,0,1,1,0,91
12,14123,500,2,"gaussian","linesearch",0.001,5,0.005,2.5,0.01,2000,0.5,1,7,0,NA,2.203,61,1,0,0.00923226876580607,2,2,0,0,0,92
12,14123,500,2,"gaussian","fixed",0.001,1,0.001,0.5,0.01,2000,0.5,1,0,0,NA,0.843999999999999,77,1,0,0.00922073973427473,0,0,1,1,0,93
12,14123,500,2,"gaussian","linesearch",0.001,1,0.001,0.5,0.01,2000,0.5,1,7,0,NA,1.757,77,1,0,0.00922073973427473,0,0,1,0,0,94
12,14123,500,2,"gaussian","fixed",0.001,0.2,2e-04,0.1,0.01,2000,0.5,1,0,0,NA,2.047,393,1,0,0.00988102002572033,0,0,1,1,0,95
12,14123,500,2,"gaussian","linesearch",0.001,0.2,2e-04,0.1,0.01,2000,0.5,1,7,0,NA,6.99,393,1,0,0.00988102002572033,0,0,1,0,0,96
13,15123,500,2,"gaussian","fixed",0.001,10,0.01,5,0.01,2000,0.5,1,0,0,NA,0.672,12,0,1,NA,0,0,1,1,0,97
13,15123,500,2,"gaussian","linesearch",0.001,10,0.01,5,0.01,2000,0.5,1,7,0,NA,2.886,58,1,0,0.00998385144996935,3,3,0,0,0,98
13,15123,500,2,"gaussian","fixed",0.001,5,0.005,2.5,0.01,2000,0.5,1,0,0,NA,0.622,16,0,1,NA,0,0,1,1,0,99
13,15123,500,2,"gaussian","linesearch",0.001,5,0.005,2.5,0.01,2000,0.5,1,7,0,NA,2.155,58,1,0,0.00998385144996935,2,2,0,0,0,100
13,15123,500,2,"gaussian","fixed",0.001,1,0.001,0.5,0.01,2000,0.5,1,0,0,NA,0.837000000000001,74,1,0,0.00922309955716325,0,0,1,1,0,101
13,15123,500,2,"gaussian","linesearch",0.001,1,0.001,0.5,0.01,2000,0.5,1,7,0,NA,1.68,74,1,0,0.00922309955716325,0,0,1,0,0,102
13,15123,500,2,"gaussian","fixed",0.001,0.2,2e-04,0.1,0.01,2000,0.5,1,0,0,NA,1.894,379,1,0,0.0098465690674203,0,0,1,1,0,103
13,15123,500,2,"gaussian","linesearch",0.001,0.2,2e-04,0.1,0.01,2000,0.5,1,7,0,NA,7.049,379,1,0,0.0098465690674203,0,0,1,0,0,104
14,16123,500,2,"gaussian","fixed",0.001,10,0.01,5,0.01,2000,0.5,1,0,0,NA,0.675,13,0,1,NA,0,0,1,1,0,105
14,16123,500,2,"gaussian","linesearch",0.001,10,0.01,5,0.01,2000,0.5,1,7,0,NA,2.888,58,1,0,0.00965564190642038,3,3,0,0,0,106
14,16123,500,2,"gaussian","fixed",0.001,5,0.005,2.5,0.01,2000,0.5,1,0,0,NA,0.646000000000001,19,0,1,NA,0,0,1,1,0,107
14,16123,500,2,"gaussian","linesearch",0.001,5,0.005,2.5,0.01,2000,0.5,1,7,0,NA,2.231,58,1,0,0.00965564190642038,2,2,0,0,0,108
14,16123,500,2,"gaussian","fixed",0.001,1,0.001,0.5,0.01,2000,0.5,1,0,0,NA,0.812999999999999,73,1,0,0.00991384204144317,0,0,1,1,0,109
14,16123,500,2,"gaussian","linesearch",0.001,1,0.001,0.5,0.01,2000,0.5,1,7,0,NA,1.688,73,1,0,0.00991384204144317,0,0,1,0,0,110
14,16123,500,2,"gaussian","fixed",0.001,0.2,2e-04,0.1,0.01,2000,0.5,1,0,0,NA,2.021,377,1,0,0.00984713843796331,0,0,1,1,0,111
14,16123,500,2,"gaussian","linesearch",0.001,0.2,2e-04,0.1,0.01,2000,0.5,1,7,0,NA,13.736,377,1,0,0.00984713843796331,0,0,1,0,0,112
15,17123,500,2,"gaussian","fixed",0.001,10,0.01,5,0.01,2000,0.5,1,0,0,NA,0.67,12,0,1,NA,0,0,1,1,0,113
15,17123,500,2,"gaussian","linesearch",0.001,10,0.01,5,0.01,2000,0.5,1,7,0,NA,3.293,56,1,0,0.00977086308266406,3,3,0,0,0,114
15,17123,500,2,"gaussian","fixed",0.001,5,0.005,2.5,0.01,2000,0.5,1,0,0,NA,0.629,16,0,1,NA,0,0,1,1,0,115
15,17123,500,2,"gaussian","linesearch",0.001,5,0.005,2.5,0.01,2000,0.5,1,7,0,NA,2.173,56,1,0,0.00977086308266406,2,2,0,0,0,116
15,17123,500,2,"gaussian","fixed",0.001,1,0.001,0.5,0.01,2000,0.5,1,0,0,NA,0.825,71,1,0,0.00945345590270774,0,0,1,1,0,117
15,17123,500,2,"gaussian","linesearch",0.001,1,0.001,0.5,0.01,2000,0.5,1,7,0,NA,1.71,71,1,0,0.00945345590270774,0,0,1,0,0,118
15,17123,500,2,"gaussian","fixed",0.001,0.2,2e-04,0.1,0.01,2000,0.5,1,0,0,NA,1.891,363,1,0,0.00997188328542253,0,0,1,1,0,119
15,17123,500,2,"gaussian","linesearch",0.001,0.2,2e-04,0.1,0.01,2000,0.5,1,7,0,NA,6.404,363,1,0,0.00997188328542253,0,0,1,0,0,120
16,18123,500,2,"gaussian","fixed",0.001,10,0.01,5,0.01,2000,0.5,1,0,0,NA,0.682,13,0,1,NA,0,0,1,1,0,121
16,18123,500,2,"gaussian","linesearch",0.001,10,0.01,5,0.01,2000,0.5,1,7,0,NA,2.74,57,1,0,0.00902555173595263,3,3,0,0,0,122
16,18123,500,2,"gaussian","fixed",0.001,5,0.005,2.5,0.01,2000,0.5,1,0,0,NA,0.643,17,0,1,NA,0,0,1,1,0,123
16,18123,500,2,"gaussian","linesearch",0.001,5,0.005,2.5,0.01,2000,0.5,1,7,0,NA,2.509,57,1,0,0.00902555173595263,2,2,0,0,0,124
16,18123,500,2,"gaussian","fixed",0.001,1,0.001,0.5,0.01,2000,0.5,1,0,0,NA,0.925000000000001,71,1,0,0.00995768158258271,0,0,1,1,0,125
16,18123,500,2,"gaussian","linesearch",0.001,1,0.001,0.5,0.01,2000,0.5,1,7,0,NA,1.812,71,1,0,0.00995768158258271,0,0,1,0,0,126
16,18123,500,2,"gaussian","fixed",0.001,0.2,2e-04,0.1,0.01,2000,0.5,1,0,0,NA,2.001,366,1,0,0.00990469235422218,0,0,1,1,0,127
16,18123,500,2,"gaussian","linesearch",0.001,0.2,2e-04,0.1,0.01,2000,0.5,1,7,0,NA,7.877,366,1,0,0.00990469235422218,0,0,1,0,0,128
17,19123,500,2,"gaussian","fixed",0.001,10,0.01,5,0.01,2000,0.5,1,0,0,NA,0.728,12,0,1,NA,0,0,1,1,0,129
17,19123,500,2,"gaussian","linesearch",0.001,10,0.01,5,0.01,2000,0.5,1,7,0,NA,2.767,59,1,0,0.00955796641364446,3,3,0,0,0,130
17,19123,500,2,"gaussian","fixed",0.001,5,0.005,2.5,0.01,2000,0.5,1,0,0,NA,0.622999999999999,16,0,1,NA,0,0,1,1,0,131
17,19123,500,2,"gaussian","linesearch",0.001,5,0.005,2.5,0.01,2000,0.5,1,7,0,NA,2.175,59,1,0,0.00955796641364446,2,2,0,0,0,132
17,19123,500,2,"gaussian","fixed",0.001,1,0.001,0.5,0.01,2000,0.5,1,0,0,NA,0.834000000000001,74,1,0,0.00997845522371322,0,0,1,1,0,133
17,19123,500,2,"gaussian","linesearch",0.001,1,0.001,0.5,0.01,2000,0.5,1,7,0,NA,1.639,74,1,0,0.00997845522371322,0,0,1,0,0,134
17,19123,500,2,"gaussian","fixed",0.001,0.2,2e-04,0.1,0.01,2000,0.5,1,0,0,NA,2.006,381,1,0,0.00991435976179498,0,0,1,1,0,135
17,19123,500,2,"gaussian","linesearch",0.001,0.2,2e-04,0.1,0.01,2000,0.5,1,7,0,NA,6.496,381,1,0,0.00991435976179498,0,0,1,0,0,136
18,20123,500,2,"gaussian","fixed",0.001,10,0.01,5,0.01,2000,0.5,1,0,0,NA,0.679,12,0,1,NA,0,0,1,1,0,137
18,20123,500,2,"gaussian","linesearch",0.001,10,0.01,5,0.01,2000,0.5,1,7,0,NA,3.139,58,1,0,0.00889232799874157,3,3,0,0,0,138
18,20123,500,2,"gaussian","fixed",0.001,5,0.005,2.5,0.01,2000,0.5,1,0,0,NA,0.619,16,0,1,Inf,0,0,1,1,0,139
18,20123,500,2,"gaussian","linesearch",0.001,5,0.005,2.5,0.01,2000,0.5,1,7,0,NA,2.255,58,1,0,0.00889232799874157,2,2,0,0,0,140
18,20123,500,2,"gaussian","fixed",0.001,1,0.001,0.5,0.01,2000,0.5,1,0,0,NA,0.828000000000001,73,1,0,0.00912886753190584,0,0,1,1,0,141
18,20123,500,2,"gaussian","linesearch",0.001,1,0.001,0.5,0.01,2000,0.5,1,7,0,NA,1.771,73,1,0,0.00912886753190584,0,0,1,0,0,142
18,20123,500,2,"gaussian","fixed",0.001,0.2,2e-04,0.1,0.01,2000,0.5,1,0,0,NA,2.067,373,1,0,0.00983549843958642,0,0,1,1,0,143
18,20123,500,2,"gaussian","linesearch",0.001,0.2,2e-04,0.1,0.01,2000,0.5,1,7,0,NA,6.81,373,1,0,0.00983549843958642,0,0,1,0,0,144
19,21123,500,2,"gaussian","fixed",0.001,10,0.01,5,0.01,2000,0.5,1,0,0,NA,0.672,12,0,1,NA,0,0,1,1,0,145
19,21123,500,2,"gaussian","linesearch",0.001,10,0.01,5,0.01,2000,0.5,1,7,0,NA,3.03,59,1,0,0.00917509507939857,3,3,0,0,0,146
19,21123,500,2,"gaussian","fixed",0.001,5,0.005,2.5,0.01,2000,0.5,1,0,0,NA,0.642,16,0,1,NA,0,0,1,1,0,147
19,21123,500,2,"gaussian","linesearch",0.001,5,0.005,2.5,0.01,2000,0.5,1,7,0,NA,2.118,59,1,0,0.00917509507939857,2,2,0,0,0,148
19,21123,500,2,"gaussian","fixed",0.001,1,0.001,0.5,0.01,2000,0.5,1,0,0,NA,0.832,74,1,0,0.00962571005525689,0,0,1,1,0,149
19,21123,500,2,"gaussian","linesearch",0.001,1,0.001,0.5,0.01,2000,0.5,1,7,0,NA,1.635,74,1,0,0.00962571005525689,0,0,1,0,0,150
19,21123,500,2,"gaussian","fixed",0.001,0.2,2e-04,0.1,0.01,2000,0.5,1,0,0,NA,1.963,380,1,0,0.00985137716020876,0,0,1,1,0,151
19,21123,500,2,"gaussian","linesearch",0.001,0.2,2e-04,0.1,0.01,2000,0.5,1,7,0,NA,7.306,380,1,0,0.00985137716020876,0,0,1,0,0,152
20,22123,500,2,"gaussian","fixed",0.001,10,0.01,5,0.01,2000,0.5,1,0,0,NA,0.713,13,0,1,NA,0,0,1,1,0,153
20,22123,500,2,"gaussian","linesearch",0.001,10,0.01,5,0.01,2000,0.5,1,7,0,NA,2.95,60,1,0,0.00920560966232176,3,3,0,0,0,154
20,22123,500,2,"gaussian","fixed",0.001,5,0.005,2.5,0.01,2000,0.5,1,0,0,NA,0.647,18,0,1,NA,0,0,1,1,0,155
20,22123,500,2,"gaussian","linesearch",0.001,5,0.005,2.5,0.01,2000,0.5,1,7,0,NA,2.2,60,1,0,0.00920560966232176,2,2,0,0,0,156
20,22123,500,2,"gaussian","fixed",0.001,1,0.001,0.5,0.01,2000,0.5,1,0,0,NA,0.848,75,1,0,0.00991392093998328,0,0,1,1,0,157
20,22123,500,2,"gaussian","linesearch",0.001,1,0.001,0.5,0.01,2000,0.5,1,7,0,NA,1.751,75,1,0,0.00991392093998328,0,0,1,0,0,158
20,22123,500,2,"gaussian","fixed",0.001,0.2,2e-04,0.1,0.01,2000,0.5,1,0,0,NA,2.182,386,1,0,0.00998162283097118,0,0,1,1,0,159
20,22123,500,2,"gaussian","linesearch",0.001,0.2,2e-04,0.1,0.01,2000,0.5,1,7,0,NA,6.672,386,1,0,0.00998162283097118,0,0,1,0,0,160
21,23123,500,2,"gaussian","fixed",0.001,10,0.01,5,0.01,2000,0.5,1,0,0,NA,0.693,12,0,1,Inf,0,0,1,1,0,161
21,23123,500,2,"gaussian","linesearch",0.001,10,0.01,5,0.01,2000,0.5,1,7,0,NA,3.055,60,1,0,0.00937902755481446,3,3,0,0,0,162
21,23123,500,2,"gaussian","fixed",0.001,5,0.005,2.5,0.01,2000,0.5,1,0,0,NA,0.615,16,0,1,NA,0,0,1,1,0,163
21,23123,500,2,"gaussian","linesearch",0.001,5,0.005,2.5,0.01,2000,0.5,1,7,0,NA,2.231,60,1,0,0.00937902755481446,2,2,0,0,0,164
21,23123,500,2,"gaussian","fixed",0.001,1,0.001,0.5,0.01,2000,0.5,1,0,0,NA,0.864000000000001,76,1,0,0.00913668136381007,0,0,1,1,0,165
21,23123,500,2,"gaussian","linesearch",0.001,1,0.001,0.5,0.01,2000,0.5,1,7,0,NA,1.834,76,1,0,0.00913668136381007,0,0,1,0,0,166
21,23123,500,2,"gaussian","fixed",0.001,0.2,2e-04,0.1,0.01,2000,0.5,1,0,0,NA,2.161,388,1,0,0.00983195209952648,0,0,1,1,0,167
21,23123,500,2,"gaussian","linesearch",0.001,0.2,2e-04,0.1,0.01,2000,0.5,1,7,0,NA,6.886,388,1,0,0.00983195209952648,0,0,1,0,0,168
22,24123,500,2,"gaussian","fixed",0.001,10,0.01,5,0.01,2000,0.5,1,0,0,NA,0.693,12,0,1,Inf,0,0,1,1,0,169
22,24123,500,2,"gaussian","linesearch",0.001,10,0.01,5,0.01,2000,0.5,1,7,0,NA,2.626,57,1,0,0.00900162528366533,3,3,0,0,0,170
22,24123,500,2,"gaussian","fixed",0.001,5,0.005,2.5,0.01,2000,0.5,1,0,0,NA,0.641,17,0,1,NA,0,0,1,1,0,171
22,24123,500,2,"gaussian","linesearch",0.001,5,0.005,2.5,0.01,2000,0.5,1,7,0,NA,2.002,57,1,0,0.00900162528366533,2,2,0,0,0,172
22,24123,500,2,"gaussian","fixed",0.001,1,0.001,0.5,0.01,2000,0.5,1,0,0,NA,0.805,71,1,0,0.00988436601135434,0,0,1,1,0,173
22,24123,500,2,"gaussian","linesearch",0.001,1,0.001,0.5,0.01,2000,0.5,1,7,0,NA,1.542,71,1,0,0.00988436601135434,0,0,1,0,0,174
22,24123,500,2,"gaussian","fixed",0.001,0.2,2e-04,0.1,0.01,2000,0.5,1,0,0,NA,1.812,366,1,0,0.00982129024934508,0,0,1,1,0,175
22,24123,500,2,"gaussian","linesearch",0.001,0.2,2e-04,0.1,0.01,2000,0.5,1,7,0,NA,6.069,366,1,0,0.00982129024934508,0,0,1,0,0,176
23,25123,500,2,"gaussian","fixed",0.001,10,0.01,5,0.01,2000,0.5,1,0,0,NA,0.687,12,0,1,Inf,0,0,1,1,0,177
23,25123,500,2,"gaussian","linesearch",0.001,10,0.01,5,0.01,2000,0.5,1,7,0,NA,2.708,58,1,0,0.00949232918220635,3,3,0,0,0,178
23,25123,500,2,"gaussian","fixed",0.001,5,0.005,2.5,0.01,2000,0.5,1,0,0,NA,0.618,16,0,1,NA,0,0,1,1,0,179
23,25123,500,2,"gaussian","linesearch",0.001,5,0.005,2.5,0.01,2000,0.5,1,7,0,NA,2.15,58,1,0,0.00949232918220635,2,2,0,0,0,180
23,25123,500,2,"gaussian","fixed",0.001,1,0.001,0.5,0.01,2000,0.5,1,0,0,NA,0.851,73,1,0,0.00968990129245499,0,0,1,1,0,181
23,25123,500,2,"gaussian","linesearch",0.001,1,0.001,0.5,0.01,2000,0.5,1,7,0,NA,1.701,73,1,0,0.00968990129245499,0,0,1,0,0,182
23,25123,500,2,"gaussian","fixed",0.001,0.2,2e-04,0.1,0.01,2000,0.5,1,0,0,NA,1.92,375,1,0,0.00988032164995351,0,0,1,1,0,183
23,25123,500,2,"gaussian","linesearch",0.001,0.2,2e-04,0.1,0.01,2000,0.5,1,7,0,NA,6.688,375,1,0,0.00988032164995351,0,0,1,0,0,184
24,26123,500,2,"gaussian","fixed",0.001,10,0.01,5,0.01,2000,0.5,1,0,0,NA,0.708,12,0,1,NA,0,0,1,1,0,185
24,26123,500,2,"gaussian","linesearch",0.001,10,0.01,5,0.01,2000,0.5,1,7,0,NA,2.893,57,1,0,0.00944214098382572,3,3,0,0,0,186
24,26123,500,2,"gaussian","fixed",0.001,5,0.005,2.5,0.01,2000,0.5,1,0,0,NA,0.642,16,0,1,Inf,0,0,1,1,0,187
24,26123,500,2,"gaussian","linesearch",0.001,5,0.005,2.5,0.01,2000,0.5,1,7,0,NA,2.132,57,1,0,0.00944214098382572,2,2,0,0,0,188
24,26123,500,2,"gaussian","fixed",0.001,1,0.001,0.5,0.01,2000,0.5,1,0,0,NA,0.837999999999999,72,1,0,0.00942568058183067,0,0,1,1,0,189
24,26123,500,2,"gaussian","linesearch",0.001,1,0.001,0.5,0.01,2000,0.5,1,7,0,NA,1.656,72,1,0,0.00942568058183067,0,0,1,0,0,190
24,26123,500,2,"gaussian","fixed",0.001,0.2,2e-04,0.1,0.01,2000,0.5,1,0,0,NA,1.894,369,1,0,0.00992349651217318,0,0,1,1,0,191
24,26123,500,2,"gaussian","linesearch",0.001,0.2,2e-04,0.1,0.01,2000,0.5,1,7,0,NA,6.298,369,1,0,0.00992349651217318,0,0,1,0,0,192
25,27123,500,2,"gaussian","fixed",0.001,10,0.01,5,0.01,2000,0.5,1,0,0,NA,0.682,12,0,1,Inf,0,0,1,1,0,193
25,27123,500,2,"gaussian","linesearch",0.001,10,0.01,5,0.01,2000,0.5,1,7,0,NA,3.363,60,1,0,0.00929351699360723,3,3,0,0,0,194
25,27123,500,2,"gaussian","fixed",0.001,5,0.005,2.5,0.01,2000,0.5,1,0,0,NA,0.628,16,0,1,NA,0,0,1,1,0,195
25,27123,500,2,"gaussian","linesearch",0.001,5,0.005,2.5,0.01,2000,0.5,1,7,0,NA,2.169,60,1,0,0.00929351699360723,2,2,0,0,0,196
25,27123,500,2,"gaussian","fixed",0.001,1,0.001,0.5,0.01,2000,0.5,1,0,0,NA,0.827,76,1,0,0.00905990318085706,0,0,1,1,0,197
25,27123,500,2,"gaussian","linesearch",0.001,1,0.001,0.5,0.01,2000,0.5,1,7,0,NA,1.801,76,1,0,0.00905990318085706,0,0,1,0,0,198
25,27123,500,2,"gaussian","fixed",0.001,0.2,2e-04,0.1,0.01,2000,0.5,1,0,0,NA,2.047,387,1,0,0.00998051627155816,0,0,1,1,0,199
25,27123,500,2,"gaussian","linesearch",0.001,0.2,2e-04,0.1,0.01,2000,0.5,1,7,0,NA,6.825,387,1,0,0.00998051627155816,0,0,1,0,0,200
26,28123,500,2,"gaussian","fixed",0.001,10,0.01,5,0.01,2000,0.5,1,0,0,NA,0.686,12,0,1,NA,0,0,1,1,0,201
26,28123,500,2,"gaussian","linesearch",0.001,10,0.01,5,0.01,2000,0.5,1,7,0,NA,2.007,59,1,0,0.00922213774346425,3,3,0,0,0,202
26,28123,500,2,"gaussian","fixed",0.001,5,0.005,2.5,0.01,2000,0.5,1,0,0,NA,0.651,17,0,1,NA,0,0,1,1,0,203
26,28123,500,2,"gaussian","linesearch",0.001,5,0.005,2.5,0.01,2000,0.5,1,7,0,NA,2.073,59,1,0,0.00922213774346425,2,2,0,0,0,204
26,28123,500,2,"gaussian","fixed",0.001,1,0.001,0.5,0.01,2000,0.5,1,0,0,NA,0.841000000000001,74,1,0,0.009655011981207,0,0,1,1,0,205
26,28123,500,2,"gaussian","linesearch",0.001,1,0.001,0.5,0.01,2000,0.5,1,7,0,NA,1.667,74,1,0,0.009655011981207,0,0,1,0,0,206
26,28123,500,2,"gaussian","fixed",0.001,0.2,2e-04,0.1,0.01,2000,0.5,1,0,0,NA,1.9,380,1,0,0.00984962840536996,0,0,1,1,0,207
26,28123,500,2,"gaussian","linesearch",0.001,0.2,2e-04,0.1,0.01,2000,0.5,1,7,0,NA,6.393,380,1,0,0.00984962840536996,0,0,1,0,0,208
27,29123,500,2,"gaussian","fixed",0.001,10,0.01,5,0.01,2000,0.5,1,0,0,NA,0.617000000000001,12,0,1,NA,0,0,1,1,0,209
27,29123,500,2,"gaussian","linesearch",0.001,10,0.01,5,0.01,2000,0.5,1,7,0,NA,2.302,60,1,0,0.00995060174176526,3,3,0,0,0,210
27,29123,500,2,"gaussian","fixed",0.001,5,0.005,2.5,0.01,2000,0.5,1,0,0,NA,0.628,17,0,1,NA,0,0,1,1,0,211
27,29123,500,2,"gaussian","linesearch",0.001,5,0.005,2.5,0.01,2000,0.5,1,7,0,NA,2.099,60,1,0,0.00995060174176526,2,2,0,0,0,212
27,29123,500,2,"gaussian","fixed",0.001,1,0.001,0.5,0.01,2000,0.5,1,0,0,NA,0.849,76,1,0,0.00969865573706519,0,0,1,1,0,213
27,29123,500,2,"gaussian","linesearch",0.001,1,0.001,0.5,0.01,2000,0.5,1,7,0,NA,1.72,76,1,0,0.00969865573706519,0,0,1,0,0,214
27,29123,500,2,"gaussian","fixed",0.001,0.2,2e-04,0.1,0.01,2000,0.5,1,0,0,NA,1.862,391,1,0,0.00985373600264061,0,0,1,1,0,215
27,29123,500,2,"gaussian","linesearch",0.001,0.2,2e-04,0.1,0.01,2000,0.5,1,7,0,NA,6.252,391,1,0,0.00985373600264061,0,0,1,0,0,216
28,30123,500,2,"gaussian","fixed",0.001,10,0.01,5,0.01,2000,0.5,1,0,0,NA,0.608000000000001,12,0,1,Inf,0,0,1,1,0,217
28,30123,500,2,"gaussian","linesearch",0.001,10,0.01,5,0.01,2000,0.5,1,7,0,NA,2.109,59,1,0,0.00958434553398924,3,3,0,0,0,218
28,30123,500,2,"gaussian","fixed",0.001,5,0.005,2.5,0.01,2000,0.5,1,0,0,NA,0.622,16,0,1,NA,0,0,1,1,0,219
28,30123,500,2,"gaussian","linesearch",0.001,5,0.005,2.5,0.01,2000,0.5,1,7,0,NA,1.831,59,1,0,0.00958434553398924,2,2,0,0,0,220
28,30123,500,2,"gaussian","fixed",0.001,1,0.001,0.5,0.01,2000,0.5,1,0,0,NA,0.846999999999998,75,1,0,0.00907466900913416,0,0,1,1,0,221
28,30123,500,2,"gaussian","linesearch",0.001,1,0.001,0.5,0.01,2000,0.5,1,7,0,NA,1.621,75,1,0,0.00907466900913416,0,0,1,0,0,222
28,30123,500,2,"gaussian","fixed",0.001,0.2,2e-04,0.1,0.01,2000,0.5,1,0,0,NA,1.929,382,1,0,0.0098430356570382,0,0,1,1,0,223
28,30123,500,2,"gaussian","linesearch",0.001,0.2,2e-04,0.1,0.01,2000,0.5,1,7,0,NA,6.679,382,1,0,0.0098430356570382,0,0,1,0,0,224
29,31123,500,2,"gaussian","fixed",0.001,10,0.01,5,0.01,2000,0.5,1,0,0,NA,0.635000000000002,12,0,1,Inf,0,0,1,1,0,225
29,31123,500,2,"gaussian","linesearch",0.001,10,0.01,5,0.01,2000,0.5,1,7,0,NA,2.037,58,1,0,0.00999351805519935,3,3,0,0,0,226
29,31123,500,2,"gaussian","fixed",0.001,5,0.005,2.5,0.01,2000,0.5,1,0,0,NA,0.619999999999997,16,0,1,NA,0,0,1,1,0,227
29,31123,500,2,"gaussian","linesearch",0.001,5,0.005,2.5,0.01,2000,0.5,1,7,0,NA,1.947,58,1,0,0.00999351805519935,2,2,0,0,0,228
29,31123,500,2,"gaussian","fixed",0.001,1,0.001,0.5,0.01,2000,0.5,1,0,0,NA,0.837,74,1,0,0.00923254496530868,0,0,1,1,0,229
29,31123,500,2,"gaussian","linesearch",0.001,1,0.001,0.5,0.01,2000,0.5,1,7,0,NA,1.617,74,1,0,0.00923254496530868,0,0,1,0,0,230
29,31123,500,2,"gaussian","fixed",0.001,0.2,2e-04,0.1,0.01,2000,0.5,1,0,0,NA,1.897,379,1,0,0.00985268856366639,0,0,1,1,0,231
29,31123,500,2,"gaussian","linesearch",0.001,0.2,2e-04,0.1,0.01,2000,0.5,1,7,0,NA,6.377,379,1,0,0.00985268856366639,0,0,1,0,0,232
30,32123,500,2,"gaussian","fixed",0.001,10,0.01,5,0.01,2000,0.5,1,0,0,NA,0.652999999999999,13,0,1,NA,0,0,1,1,0,233
30,32123,500,2,"gaussian","linesearch",0.001,10,0.01,5,0.01,2000,0.5,1,7,0,NA,2.144,56,1,0,0.00936999468226452,3,3,0,0,0,234
30,32123,500,2,"gaussian","fixed",0.001,5,0.005,2.5,0.01,2000,0.5,1,0,0,NA,0.685000000000002,18,0,1,NA,0,0,1,1,0,235
30,32123,500,2,"gaussian","linesearch",0.001,5,0.005,2.5,0.01,2000,0.5,1,7,0,NA,1.921,56,1,0,0.00936999468226452,2,2,0,0,0,236
30,32123,500,2,"gaussian","fixed",0.001,1,0.001,0.5,0.01,2000,0.5,1,0,0,NA,0.870000000000001,71,1,0,0.00908210135030454,0,0,1,1,0,237
30,32123,500,2,"gaussian","linesearch",0.001,1,0.001,0.5,0.01,2000,0.5,1,7,0,NA,1.619,71,1,0,0.00908210135030454,0,0,1,0,0,238
30,32123,500,2,"gaussian","fixed",0.001,0.2,2e-04,0.1,0.01,2000,0.5,1,0,0,NA,1.912,362,1,0,0.00986512097527806,0,0,1,1,0,239
30,32123,500,2,"gaussian","linesearch",0.001,0.2,2e-04,0.1,0.01,2000,0.5,1,7,0,NA,6.345,362,1,0,0.00986512097527806,0,0,1,0,0,240
31,33123,500,2,"gaussian","fixed",0.001,10,0.01,5,0.01,2000,0.5,1,0,0,NA,0.608000000000001,12,0,1,NA,0,0,1,1,0,241
31,33123,500,2,"gaussian","linesearch",0.001,10,0.01,5,0.01,2000,0.5,1,7,0,NA,1.945,55,1,0,0.00887381043631558,3,3,0,0,0,242
31,33123,500,2,"gaussian","fixed",0.001,5,0.005,2.5,0.01,2000,0.5,1,0,0,NA,0.616,16,0,1,Inf,0,0,1,1,0,243
31,33123,500,2,"gaussian","linesearch",0.001,5,0.005,2.5,0.01,2000,0.5,1,7,0,NA,1.847,55,1,0,0.00887381043631558,2,2,0,0,0,244
31,33123,500,2,"gaussian","fixed",0.001,1,0.001,0.5,0.01,2000,0.5,1,0,0,NA,0.788,69,1,0,0.00927866978122857,0,0,1,1,0,245
31,33123,500,2,"gaussian","linesearch",0.001,1,0.001,0.5,0.01,2000,0.5,1,7,0,NA,1.564,69,1,0,0.00927866978122857,0,0,1,0,0,246
31,33123,500,2,"gaussian","fixed",0.001,0.2,2e-04,0.1,0.01,2000,0.5,1,0,0,NA,1.847,354,1,0,0.00981553346878494,0,0,1,1,0,247
31,33123,500,2,"gaussian","linesearch",0.001,0.2,2e-04,0.1,0.01,2000,0.5,1,7,0,NA,6.593,354,1,0,0.00981553346878494,0,0,1,0,0,248
32,34123,500,2,"gaussian","fixed",0.001,10,0.01,5,0.01,2000,0.5,1,0,0,NA,0.606999999999999,12,0,1,Inf,0,0,1,1,0,249
32,34123,500,2,"gaussian","linesearch",0.001,10,0.01,5,0.01,2000,0.5,1,7,0,NA,2.111,60,1,0,0.0088220930721713,3,3,0,0,0,250
32,34123,500,2,"gaussian","fixed",0.001,5,0.005,2.5,0.01,2000,0.5,1,0,0,NA,0.615000000000002,16,0,1,NA,0,0,1,1,0,251
32,34123,500,2,"gaussian","linesearch",0.001,5,0.005,2.5,0.01,2000,0.5,1,7,0,NA,1.749,60,1,0,0.0088220930721713,2,2,0,0,0,252
32,34123,500,2,"gaussian","fixed",0.001,1,0.001,0.5,0.01,2000,0.5,1,0,0,NA,0.839000000000002,75,1,0,0.00951568794338786,0,0,1,1,0,253
32,34123,500,2,"gaussian","linesearch",0.001,1,0.001,0.5,0.01,2000,0.5,1,7,0,NA,1.595,75,1,0,0.00951568794338786,0,0,1,0,0,254
32,34123,500,2,"gaussian","fixed",0.001,0.2,2e-04,0.1,0.01,2000,0.5,1,0,0,NA,1.918,384,1,0,0.00998687135075949,0,0,1,1,0,255
32,34123,500,2,"gaussian","linesearch",0.001,0.2,2e-04,0.1,0.01,2000,0.5,1,7,0,NA,6.98,384,1,0,0.00998687135075949,0,0,1,0,0,256
33,35123,500,2,"gaussian","fixed",0.001,10,0.01,5,0.01,2000,0.5,1,0,0,NA,0.631,12,0,1,Inf,0,0,1,1,0,257
33,35123,500,2,"gaussian","linesearch",0.001,10,0.01,5,0.01,2000,0.5,1,7,0,NA,2.04,58,1,0,0.00923240279846949,3,3,0,0,0,258
33,35123,500,2,"gaussian","fixed",0.001,5,0.005,2.5,0.01,2000,0.5,1,0,0,NA,0.624000000000002,16,0,1,NA,0,0,1,1,0,259
33,35123,500,2,"gaussian","linesearch",0.001,5,0.005,2.5,0.01,2000,0.5,1,7,0,NA,2.003,58,1,0,0.00923240279846949,2,2,0,0,0,260
33,35123,500,2,"gaussian","fixed",0.001,1,0.001,0.5,0.01,2000,0.5,1,0,0,NA,0.849,73,1,0,0.00940032360475351,0,0,1,1,0,261
33,35123,500,2,"gaussian","linesearch",0.001,1,0.001,0.5,0.01,2000,0.5,1,7,0,NA,1.602,73,1,0,0.00940032360475351,0,0,1,0,0,262
33,35123,500,2,"gaussian","fixed",0.001,0.2,2e-04,0.1,0.01,2000,0.5,1,0,0,NA,1.909,373,1,0,0.00989741240490727,0,0,1,1,0,263
33,35123,500,2,"gaussian","linesearch",0.001,0.2,2e-04,0.1,0.01,2000,0.5,1,7,0,NA,7.535,373,1,0,0.00989741240490727,0,0,1,0,0,264
34,36123,500,2,"gaussian","fixed",0.001,10,0.01,5,0.01,2000,0.5,1,0,0,NA,0.605,12,0,1,Inf,0,0,1,1,0,265
34,36123,500,2,"gaussian","linesearch",0.001,10,0.01,5,0.01,2000,0.5,1,7,0,NA,2.012,59,1,0,0.00998655239622055,3,3,0,0,0,266
34,36123,500,2,"gaussian","fixed",0.001,5,0.005,2.5,0.01,2000,0.5,1,0,0,NA,0.622,16,0,1,NA,0,0,1,1,0,267
34,36123,500,2,"gaussian","linesearch",0.001,5,0.005,2.5,0.01,2000,0.5,1,7,0,NA,1.814,59,1,0,0.00998655239622055,2,2,0,0,0,268
34,36123,500,2,"gaussian","fixed",0.001,1,0.001,0.5,0.01,2000,0.5,1,0,0,NA,0.825000000000003,75,1,0,0.00946189246704531,0,0,1,1,0,269
34,36123,500,2,"gaussian","linesearch",0.001,1,0.001,0.5,0.01,2000,0.5,1,7,0,NA,1.745,75,1,0,0.00946189246704531,0,0,1,0,0,270
34,36123,500,2,"gaussian","fixed",0.001,0.2,2e-04,0.1,0.01,2000,0.5,1,0,0,NA,2.005,384,1,0,0.00992498385144597,0,0,1,1,0,271
34,36123,500,2,"gaussian","linesearch",0.001,0.2,2e-04,0.1,0.01,2000,0.5,1,7,0,NA,7.626,384,1,0,0.00992498385144597,0,0,1,0,0,272
35,37123,500,2,"gaussian","fixed",0.001,10,0.01,5,0.01,2000,0.5,1,0,0,NA,0.648,13,0,1,NA,0,0,1,1,0,273
35,37123,500,2,"gaussian","linesearch",0.001,10,0.01,5,0.01,2000,0.5,1,7,0,NA,2.161,60,1,0,0.00944204250378995,3,3,0,0,0,274
35,37123,500,2,"gaussian","fixed",0.001,5,0.005,2.5,0.01,2000,0.5,1,0,0,NA,0.628,17,0,1,NA,0,0,1,1,0,275
35,37123,500,2,"gaussian","linesearch",0.001,5,0.005,2.5,0.01,2000,0.5,1,7,0,NA,2.02,60,1,0,0.00944204250378995,2,2,0,0,0,276
35,37123,500,2,"gaussian","fixed",0.001,1,0.001,0.5,0.01,2000,0.5,1,0,0,NA,0.855,76,1,0,0.00918460315061199,0,0,1,1,0,277
35,37123,500,2,"gaussian","linesearch",0.001,1,0.001,0.5,0.01,2000,0.5,1,7,0,NA,1.613,76,1,0,0.00918460315061199,0,0,1,0,0,278
35,37123,500,2,"gaussian","fixed",0.001,0.2,2e-04,0.1,0.01,2000,0.5,1,0,0,NA,1.937,388,1,0,0.00981605780299251,0,0,1,1,0,279
35,37123,500,2,"gaussian","linesearch",0.001,0.2,2e-04,0.1,0.01,2000,0.5,1,7,0,NA,6.571,388,1,0,0.00981605780299251,0,0,1,0,0,280
36,38123,500,2,"gaussian","fixed",0.001,10,0.01,5,0.01,2000,0.5,1,0,0,NA,0.613,12,0,1,Inf,0,0,1,1,0,281
36,38123,500,2,"gaussian","linesearch",0.001,10,0.01,5,0.01,2000,0.5,1,7,0,NA,2.253,58,1,0,0.00923835215723923,3,3,0,0,0,282
36,38123,500,2,"gaussian","fixed",0.001,5,0.005,2.5,0.01,2000,0.5,1,0,0,NA,0.651,16,0,1,NA,0,0,1,1,0,283
36,38123,500,2,"gaussian","linesearch",0.001,5,0.005,2.5,0.01,2000,0.5,1,7,0,NA,2.107,58,1,0,0.00923835215723923,2,2,0,0,0,284
36,38123,500,2,"gaussian","fixed",0.001,1,0.001,0.5,0.01,2000,0.5,1,0,0,NA,0.865000000000002,73,1,0,0.00951389274974068,0,0,1,1,0,285
36,38123,500,2,"gaussian","linesearch",0.001,1,0.001,0.5,0.01,2000,0.5,1,7,0,NA,1.682,73,1,0,0.00951389274974068,0,0,1,0,0,286
36,38123,500,2,"gaussian","fixed",0.001,0.2,2e-04,0.1,0.01,2000,0.5,1,0,0,NA,1.879,375,1,0,0.0099344868093858,0,0,1,1,0,287
36,38123,500,2,"gaussian","linesearch",0.001,0.2,2e-04,0.1,0.01,2000,0.5,1,7,0,NA,6.426,375,1,0,0.0099344868093858,0,0,1,0,0,288
37,39123,500,2,"gaussian","fixed",0.001,10,0.01,5,0.01,2000,0.5,1,0,0,NA,0.638999999999999,13,0,1,NA,0,0,1,1,0,289
37,39123,500,2,"gaussian","linesearch",0.001,10,0.01,5,0.01,2000,0.5,1,7,0,NA,2.192,58,1,0,0.00895941565214618,3,3,0,0,0,290
37,39123,500,2,"gaussian","fixed",0.001,5,0.005,2.5,0.01,2000,0.5,1,0,0,NA,0.631,18,0,1,Inf,0,0,1,1,0,291
37,39123,500,2,"gaussian","linesearch",0.001,5,0.005,2.5,0.01,2000,0.5,1,7,0,NA,2.125,58,1,0,0.00895941565214618,2,2,0,0,0,292
37,39123,500,2,"gaussian","fixed",0.001,1,0.001,0.5,0.01,2000,0.5,1,0,0,NA,0.818000000000001,73,1,0,0.00917439845762238,0,0,1,1,0,293
37,39123,500,2,"gaussian","linesearch",0.001,1,0.001,0.5,0.01,2000,0.5,1,7,0,NA,1.671,73,1,0,0.00917439845762238,0,0,1,0,0,294
37,39123,500,2,"gaussian","fixed",0.001,0.2,2e-04,0.1,0.01,2000,0.5,1,0,0,NA,1.898,373,1,0,0.00982026695361882,0,0,1,1,0,295
37,39123,500,2,"gaussian","linesearch",0.001,0.2,2e-04,0.1,0.01,2000,0.5,1,7,0,NA,6.081,373,1,0,0.00982026695361882,0,0,1,0,0,296
38,40123,500,2,"gaussian","fixed",0.001,10,0.01,5,0.01,2000,0.5,1,0,0,NA,0.605999999999998,13,0,1,NA,0,0,1,1,0,297
38,40123,500,2,"gaussian","linesearch",0.001,10,0.01,5,0.01,2000,0.5,1,7,0,NA,2.079,55,1,0,0.0095775543907497,3,3,0,0,0,298
38,40123,500,2,"gaussian","fixed",0.001,5,0.005,2.5,0.01,2000,0.5,1,0,0,NA,0.643999999999998,17,0,1,NA,0,0,1,1,0,299
38,40123,500,2,"gaussian","linesearch",0.001,5,0.005,2.5,0.01,2000,0.5,1,7,0,NA,2.093,55,1,0,0.0095775543907497,2,2,0,0,0,300
38,40123,500,2,"gaussian","fixed",0.001,1,0.001,0.5,0.01,2000,0.5,1,0,0,NA,0.813000000000002,70,1,0,0.00902813952573595,0,0,1,1,0,301
38,40123,500,2,"gaussian","linesearch",0.001,1,0.001,0.5,0.01,2000,0.5,1,7,0,NA,1.607,70,1,0,0.00902813952573595,0,0,1,0,0,302
38,40123,500,2,"gaussian","fixed",0.001,0.2,2e-04,0.1,0.01,2000,0.5,1,0,0,NA,1.84,356,1,0,0.00996451027713746,0,0,1,1,0,303
38,40123,500,2,"gaussian","linesearch",0.001,0.2,2e-04,0.1,0.01,2000,0.5,1,7,0,NA,7.346,356,1,0,0.00996451027713746,0,0,1,0,0,304
39,41123,500,2,"gaussian","fixed",0.001,10,0.01,5,0.01,2000,0.5,1,0,0,NA,0.609999999999999,12,0,1,Inf,0,0,1,1,0,305
39,41123,500,2,"gaussian","linesearch",0.001,10,0.01,5,0.01,2000,0.5,1,7,0,NA,2.31,57,1,0,0.00916111483125165,3,3,0,0,0,306
39,41123,500,2,"gaussian","fixed",0.001,5,0.005,2.5,0.01,2000,0.5,1,0,0,NA,0.623000000000001,16,0,1,NA,0,0,1,1,0,307
39,41123,500,2,"gaussian","linesearch",0.001,5,0.005,2.5,0.01,2000,0.5,1,7,0,NA,2.07,57,1,0,0.00916111483125165,2,2,0,0,0,308
39,41123,500,2,"gaussian","fixed",0.001,1,0.001,0.5,0.01,2000,0.5,1,0,0,NA,0.859000000000002,72,1,0,0.00909120092702637,0,0,1,1,0,309
39,41123,500,2,"gaussian","linesearch",0.001,1,0.001,0.5,0.01,2000,0.5,1,7,0,NA,1.824,72,1,0,0.00909120092702637,0,0,1,0,0,310
39,41123,500,2,"gaussian","fixed",0.001,0.2,2e-04,0.1,0.01,2000,0.5,1,0,0,NA,1.839,366,1,0,0.0099362138763755,0,0,1,1,0,311
39,41123,500,2,"gaussian","linesearch",0.001,0.2,2e-04,0.1,0.01,2000,0.5,1,7,0,NA,9.155,366,1,0,0.0099362138763755,0,0,1,0,0,312
40,42123,500,2,"gaussian","fixed",0.001,10,0.01,5,0.01,2000,0.5,1,0,0,NA,0.620000000000001,12,0,1,NA,0,0,1,1,0,313
40,42123,500,2,"gaussian","linesearch",0.001,10,0.01,5,0.01,2000,0.5,1,7,0,NA,2.141,57,1,0,0.00959650453627459,3,3,0,0,0,314
40,42123,500,2,"gaussian","fixed",0.001,5,0.005,2.5,0.01,2000,0.5,1,0,0,NA,0.637,16,0,1,Inf,0,0,1,1,0,315
40,42123,500,2,"gaussian","linesearch",0.001,5,0.005,2.5,0.01,2000,0.5,1,7,0,NA,1.799,57,1,0,0.00959650453627459,2,2,0,0,0,316
40,42123,500,2,"gaussian","fixed",0.001,1,0.001,0.5,0.01,2000,0.5,1,0,0,NA,0.824999999999999,72,1,0,0.00955889852066338,0,0,1,1,0,317
40,42123,500,2,"gaussian","linesearch",0.001,1,0.001,0.5,0.01,2000,0.5,1,7,0,NA,1.776,72,1,0,0.00955889852066338,0,0,1,0,0,318
40,42123,500,2,"gaussian","fixed",0.001,0.2,2e-04,0.1,0.01,2000,0.5,1,0,0,NA,1.979,369,1,0,0.00998322261218387,0,0,1,1,0,319
40,42123,500,2,"gaussian","linesearch",0.001,0.2,2e-04,0.1,0.01,2000,0.5,1,7,0,NA,6.46,369,1,0,0.00998322261218387,0,0,1,0,0,320
41,43123,500,2,"gaussian","fixed",0.001,10,0.01,5,0.01,2000,0.5,1,0,0,NA,0.612000000000002,13,0,1,NA,0,0,1,1,0,321
41,43123,500,2,"gaussian","linesearch",0.001,10,0.01,5,0.01,2000,0.5,1,7,0,NA,2.449,59,1,0,0.0094743153687612,3,3,0,0,0,322
41,43123,500,2,"gaussian","fixed",0.001,5,0.005,2.5,0.01,2000,0.5,1,0,0,NA,0.616,17,0,1,NA,0,0,1,1,0,323
41,43123,500,2,"gaussian","linesearch",0.001,5,0.005,2.5,0.01,2000,0.5,1,7,0,NA,2.128,59,1,0,0.0094743153687612,2,2,0,0,0,324
41,43123,500,2,"gaussian","fixed",0.001,1,0.001,0.5,0.01,2000,0.5,1,0,0,NA,0.835999999999999,74,1,0,0.00993794393807267,0,0,1,1,0,325
41,43123,500,2,"gaussian","linesearch",0.001,1,0.001,0.5,0.01,2000,0.5,1,7,0,NA,1.788,74,1,0,0.00993794393807267,0,0,1,0,0,326
41,43123,500,2,"gaussian","fixed",0.001,0.2,2e-04,0.1,0.01,2000,0.5,1,0,0,NA,2.003,381,1,0,0.00997539588877008,0,0,1,1,0,327
41,43123,500,2,"gaussian","linesearch",0.001,0.2,2e-04,0.1,0.01,2000,0.5,1,7,0,NA,8.469,381,1,0,0.00997539588877008,0,0,1,0,0,328
42,44123,500,2,"gaussian","fixed",0.001,10,0.01,5,0.01,2000,0.5,1,0,0,NA,0.609000000000002,13,0,1,NA,0,0,1,1,0,329
42,44123,500,2,"gaussian","linesearch",0.001,10,0.01,5,0.01,2000,0.5,1,7,0,NA,2.064,58,1,0,0.00930544528559127,3,3,0,0,0,330
42,44123,500,2,"gaussian","fixed",0.001,5,0.005,2.5,0.01,2000,0.5,1,0,0,NA,0.623999999999999,18,0,1,NA,0,0,1,1,0,331
42,44123,500,2,"gaussian","linesearch",0.001,5,0.005,2.5,0.01,2000,0.5,1,7,0,NA,1.973,58,1,0,0.00930544528559127,2,2,0,0,0,332
42,44123,500,2,"gaussian","fixed",0.001,1,0.001,0.5,0.01,2000,0.5,1,0,0,NA,0.824999999999999,73,1,0,0.0095002091469393,0,0,1,1,0,333
42,44123,500,2,"gaussian","linesearch",0.001,1,0.001,0.5,0.01,2000,0.5,1,7,0,NA,1.814,73,1,0,0.0095002091469393,0,0,1,0,0,334
42,44123,500,2,"gaussian","fixed",0.001,0.2,2e-04,0.1,0.01,2000,0.5,1,0,0,NA,1.95,374,1,0,0.00987759899325291,0,0,1,1,0,335
42,44123,500,2,"gaussian","linesearch",0.001,0.2,2e-04,0.1,0.01,2000,0.5,1,7,0,NA,6.301,374,1,0,0.00987759899325291,0,0,1,0,0,336
43,45123,500,2,"gaussian","fixed",0.001,10,0.01,5,0.01,2000,0.5,1,0,0,NA,0.600999999999999,12,0,1,NA,0,0,1,1,0,337
43,45123,500,2,"gaussian","linesearch",0.001,10,0.01,5,0.01,2000,0.5,1,7,0,NA,2.132,60,1,0,0.00992288247113171,3,3,0,0,0,338
43,45123,500,2,"gaussian","fixed",0.001,5,0.005,2.5,0.01,2000,0.5,1,0,0,NA,0.611000000000001,16,0,1,NA,0,0,1,1,0,339
43,45123,500,2,"gaussian","linesearch",0.001,5,0.005,2.5,0.01,2000,0.5,1,7,0,NA,2.029,60,1,0,0.00992288247113171,2,2,0,0,0,340
43,45123,500,2,"gaussian","fixed",0.001,1,0.001,0.5,0.01,2000,0.5,1,0,0,NA,0.824999999999999,76,1,0,0.00966030159837133,0,0,1,1,0,341
43,45123,500,2,"gaussian","linesearch",0.001,1,0.001,0.5,0.01,2000,0.5,1,7,0,NA,1.745,76,1,0,0.00966030159837133,0,0,1,0,0,342
43,45123,500,2,"gaussian","fixed",0.001,0.2,2e-04,0.1,0.01,2000,0.5,1,0,0,NA,1.916,390,1,0,0.00996396937879751,0,0,1,1,0,343
43,45123,500,2,"gaussian","linesearch",0.001,0.2,2e-04,0.1,0.01,2000,0.5,1,7,0,NA,6.444,390,1,0,0.00996396937879751,0,0,1,0,0,344
44,46123,500,2,"gaussian","fixed",0.001,10,0.01,5,0.01,2000,0.5,1,0,0,NA,0.614000000000001,12,0,1,NA,0,0,1,1,0,345
44,46123,500,2,"gaussian","linesearch",0.001,10,0.01,5,0.01,2000,0.5,1,7,0,NA,2.102,57,1,0,0.00993957736102496,3,3,0,0,0,346
44,46123,500,2,"gaussian","fixed",0.001,5,0.005,2.5,0.01,2000,0.5,1,0,0,NA,0.627000000000002,17,0,1,NA,0,0,1,1,0,347
44,46123,500,2,"gaussian","linesearch",0.001,5,0.005,2.5,0.01,2000,0.5,1,7,0,NA,1.854,57,1,0,0.00993957736102496,2,2,0,0,0,348
44,46123,500,2,"gaussian","fixed",0.001,1,0.001,0.5,0.01,2000,0.5,1,0,0,NA,0.823,72,1,0,0.00984569211315572,0,0,1,1,0,349
44,46123,500,2,"gaussian","linesearch",0.001,1,0.001,0.5,0.01,2000,0.5,1,7,0,NA,1.561,72,1,0,0.00984569211315572,0,0,1,0,0,350
44,46123,500,2,"gaussian","fixed",0.001,0.2,2e-04,0.1,0.01,2000,0.5,1,0,0,NA,1.886,370,1,0,0.00989434265196848,0,0,1,1,0,351
44,46123,500,2,"gaussian","linesearch",0.001,0.2,2e-04,0.1,0.01,2000,0.5,1,7,0,NA,7.036,370,1,0,0.00989434265196848,0,0,1,0,0,352
45,47123,500,2,"gaussian","fixed",0.001,10,0.01,5,0.01,2000,0.5,1,0,0,NA,0.641999999999999,12,0,1,NA,0,0,1,1,0,353
45,47123,500,2,"gaussian","linesearch",0.001,10,0.01,5,0.01,2000,0.5,1,7,0,NA,2.289,59,1,0,0.00926335266971717,3,3,0,0,0,354
45,47123,500,2,"gaussian","fixed",0.001,5,0.005,2.5,0.01,2000,0.5,1,0,0,NA,0.613999999999997,16,0,1,Inf,0,0,1,1,0,355
45,47123,500,2,"gaussian","linesearch",0.001,5,0.005,2.5,0.01,2000,0.5,1,7,0,NA,1.85,59,1,0,0.00926335266971717,2,2,0,0,0,356
45,47123,500,2,"gaussian","fixed",0.001,1,0.001,0.5,0.01,2000,0.5,1,0,0,NA,0.844000000000001,74,1,0,0.00965713019180181,0,0,1,1,0,357
45,47123,500,2,"gaussian","linesearch",0.001,1,0.001,0.5,0.01,2000,0.5,1,7,0,NA,1.657,74,1,0,0.00965713019180181,0,0,1,0,0,358
45,47123,500,2,"gaussian","fixed",0.001,0.2,2e-04,0.1,0.01,2000,0.5,1,0,0,NA,1.988,379,1,0,0.00993200274099781,0,0,1,1,0,359
45,47123,500,2,"gaussian","linesearch",0.001,0.2,2e-04,0.1,0.01,2000,0.5,1,7,0,NA,14.233,379,1,0,0.00993200274099781,0,0,1,0,0,360
46,48123,500,2,"gaussian","fixed",0.001,10,0.01,5,0.01,2000,0.5,1,0,0,NA,0.605,12,0,1,Inf,0,0,1,1,0,361
46,48123,500,2,"gaussian","linesearch",0.001,10,0.01,5,0.01,2000,0.5,1,7,0,NA,2.097,57,1,0,0.00954469195281271,3,3,0,0,0,362
46,48123,500,2,"gaussian","fixed",0.001,5,0.005,2.5,0.01,2000,0.5,1,0,0,NA,0.622,16,0,1,NA,0,0,1,1,0,363
46,48123,500,2,"gaussian","linesearch",0.001,5,0.005,2.5,0.01,2000,0.5,1,7,0,NA,1.803,57,1,0,0.00954469195281271,2,2,0,0,0,364
46,48123,500,2,"gaussian","fixed",0.001,1,0.001,0.5,0.01,2000,0.5,1,0,0,NA,0.838999999999999,72,1,0,0.00947531217297271,0,0,1,1,0,365
46,48123,500,2,"gaussian","linesearch",0.001,1,0.001,0.5,0.01,2000,0.5,1,7,0,NA,1.662,72,1,0,0.00947531217297271,0,0,1,0,0,366
46,48123,500,2,"gaussian","fixed",0.001,0.2,2e-04,0.1,0.01,2000,0.5,1,0,0,NA,1.949,368,1,0,0.00997395185684763,0,0,1,1,0,367
46,48123,500,2,"gaussian","linesearch",0.001,0.2,2e-04,0.1,0.01,2000,0.5,1,7,0,NA,6.305,368,1,0,0.00997395185684763,0,0,1,0,0,368
47,49123,500,2,"gaussian","fixed",0.001,10,0.01,5,0.01,2000,0.5,1,0,0,NA,0.608000000000001,12,0,1,Inf,0,0,1,1,0,369
47,49123,500,2,"gaussian","linesearch",0.001,10,0.01,5,0.01,2000,0.5,1,7,0,NA,2.298,59,1,0,0.00941816233634482,3,3,0,0,0,370
47,49123,500,2,"gaussian","fixed",0.001,5,0.005,2.5,0.01,2000,0.5,1,0,0,NA,0.620000000000001,16,0,1,NA,0,0,1,1,0,371
47,49123,500,2,"gaussian","linesearch",0.001,5,0.005,2.5,0.01,2000,0.5,1,7,0,NA,1.936,59,1,0,0.00941816233634482,2,2,0,0,0,372
47,49123,500,2,"gaussian","fixed",0.001,1,0.001,0.5,0.01,2000,0.5,1,0,0,NA,0.829000000000001,74,1,0,0.00976552218379642,0,0,1,1,0,373
47,49123,500,2,"gaussian","linesearch",0.001,1,0.001,0.5,0.01,2000,0.5,1,7,0,NA,1.828,74,1,0,0.00976552218379642,0,0,1,0,0,374
47,49123,500,2,"gaussian","fixed",0.001,0.2,2e-04,0.1,0.01,2000,0.5,1,0,0,NA,1.896,379,1,0,0.00993389465224187,0,0,1,1,0,375
47,49123,500,2,"gaussian","linesearch",0.001,0.2,2e-04,0.1,0.01,2000,0.5,1,7,0,NA,6.484,379,1,0,0.00993389465224187,0,0,1,0,0,376
48,50123,500,2,"gaussian","fixed",0.001,10,0.01,5,0.01,2000,0.5,1,0,0,NA,0.622999999999998,13,0,1,NA,0,0,1,1,0,377
48,50123,500,2,"gaussian","linesearch",0.001,10,0.01,5,0.01,2000,0.5,1,7,0,NA,2.308,60,1,0,0.00951232748012487,3,3,0,0,0,378
48,50123,500,2,"gaussian","fixed",0.001,5,0.005,2.5,0.01,2000,0.5,1,0,0,NA,0.637999999999998,19,0,1,NA,0,0,1,1,0,379
48,50123,500,2,"gaussian","linesearch",0.001,5,0.005,2.5,0.01,2000,0.5,1,7,0,NA,2.152,60,1,0,0.00951232748012487,2,2,0,0,0,380
48,50123,500,2,"gaussian","fixed",0.001,1,0.001,0.5,0.01,2000,0.5,1,0,0,NA,0.863,76,1,0,0.00925392105296213,0,0,1,1,0,381
48,50123,500,2,"gaussian","linesearch",0.001,1,0.001,0.5,0.01,2000,0.5,1,7,0,NA,1.694,76,1,0,0.00925392105296213,0,0,1,0,0,382
48,50123,500,2,"gaussian","fixed",0.001,0.2,2e-04,0.1,0.01,2000,0.5,1,0,0,NA,1.943,388,1,0,0.00990948784177403,0,0,1,1,0,383
48,50123,500,2,"gaussian","linesearch",0.001,0.2,2e-04,0.1,0.01,2000,0.5,1,7,0,NA,6.672,388,1,0,0.00990948784177403,0,0,1,0,0,384
49,51123,500,2,"gaussian","fixed",0.001,10,0.01,5,0.01,2000,0.5,1,0,0,NA,0.614000000000001,12,0,1,Inf,0,0,1,1,0,385
49,51123,500,2,"gaussian","linesearch",0.001,10,0.01,5,0.01,2000,0.5,1,7,0,NA,2.019,57,1,0,0.00972380174916507,3,3,0,0,0,386
49,51123,500,2,"gaussian","fixed",0.001,5,0.005,2.5,0.01,2000,0.5,1,0,0,NA,0.631,17,0,1,NA,0,0,1,1,0,387
49,51123,500,2,"gaussian","linesearch",0.001,5,0.005,2.5,0.01,2000,0.5,1,7,0,NA,1.728,57,1,0,0.00972380174916507,2,2,0,0,0,388
49,51123,500,2,"gaussian","fixed",0.001,1,0.001,0.5,0.01,2000,0.5,1,0,0,NA,0.813000000000002,72,1,0,0.00968971446498501,0,0,1,1,0,389
49,51123,500,2,"gaussian","linesearch",0.001,1,0.001,0.5,0.01,2000,0.5,1,7,0,NA,1.706,72,1,0,0.00968971446498501,0,0,1,0,0,390
49,51123,500,2,"gaussian","fixed",0.001,0.2,2e-04,0.1,0.01,2000,0.5,1,0,0,NA,1.902,370,1,0,0.00993436040590093,0,0,1,1,0,391
49,51123,500,2,"gaussian","linesearch",0.001,0.2,2e-04,0.1,0.01,2000,0.5,1,7,0,NA,6.906,370,1,0,0.00993436040590093,0,0,1,0,0,392
50,52123,500,2,"gaussian","fixed",0.001,10,0.01,5,0.01,2000,0.5,1,0,0,NA,0.657,13,0,1,NA,0,0,1,1,0,393
50,52123,500,2,"gaussian","linesearch",0.001,10,0.01,5,0.01,2000,0.5,1,7,0,NA,2.298,58,1,0,0.00928955720496134,3,3,0,0,0,394
50,52123,500,2,"gaussian","fixed",0.001,5,0.005,2.5,0.01,2000,0.5,1,0,0,NA,0.675999999999998,18,0,1,Inf,0,0,1,1,0,395
50,52123,500,2,"gaussian","linesearch",0.001,5,0.005,2.5,0.01,2000,0.5,1,7,0,NA,2.233,58,1,0,0.00928955720496134,2,2,0,0,0,396
50,52123,500,2,"gaussian","fixed",0.001,1,0.001,0.5,0.01,2000,0.5,1,0,0,NA,0.857999999999997,73,1,0,0.00945627236981665,0,0,1,1,0,397
50,52123,500,2,"gaussian","linesearch",0.001,1,0.001,0.5,0.01,2000,0.5,1,7,0,NA,1.741,73,1,0,0.00945627236981665,0,0,1,0,0,398
50,52123,500,2,"gaussian","fixed",0.001,0.2,2e-04,0.1,0.01,2000,0.5,1,0,0,NA,1.988,373,1,0,0.00994172714582632,0,0,1,1,0,399
50,52123,500,2,"gaussian","linesearch",0.001,0.2,2e-04,0.1,0.01,2000,0.5,1,7,0,NA,6.76,373,1,0,0.00994172714582632,0,0,1,0,0,400
51,53123,500,2,"gaussian","fixed",0.001,10,0.01,5,0.01,2000,0.5,1,0,0,NA,0.641000000000005,12,0,1,NA,0,0,1,1,0,401
51,53123,500,2,"gaussian","linesearch",0.001,10,0.01,5,0.01,2000,0.5,1,7,0,NA,2.065,56,1,0,0.00887272166194075,3,3,0,0,0,402
51,53123,500,2,"gaussian","fixed",0.001,5,0.005,2.5,0.01,2000,0.5,1,0,0,NA,0.615000000000002,17,0,1,NA,0,0,1,1,0,403
51,53123,500,2,"gaussian","linesearch",0.001,5,0.005,2.5,0.01,2000,0.5,1,7,0,NA,2.05200000000001,56,1,0,0.00887272166194075,2,2,0,0,0,404
51,53123,500,2,"gaussian","fixed",0.001,1,0.001,0.5,0.01,2000,0.5,1,0,0,NA,0.804000000000002,70,1,0,0.00949432432258646,0,0,1,1,0,405
51,53123,500,2,"gaussian","linesearch",0.001,1,0.001,0.5,0.01,2000,0.5,1,7,0,NA,1.61,70,1,0,0.00949432432258646,0,0,1,0,0,406
51,53123,500,2,"gaussian","fixed",0.001,0.2,2e-04,0.1,0.01,2000,0.5,1,0,0,NA,1.822,358,1,0,0.00994064834827579,0,0,1,1,0,407
51,53123,500,2,"gaussian","linesearch",0.001,0.2,2e-04,0.1,0.01,2000,0.5,1,7,0,NA,6.915,358,1,0,0.00994064834827579,0,0,1,0,0,408
52,54123,500,2,"gaussian","fixed",0.001,10,0.01,5,0.01,2000,0.5,1,0,0,NA,0.604999999999997,13,0,1,NA,0,0,1,1,0,409
52,54123,500,2,"gaussian","linesearch",0.001,10,0.01,5,0.01,2000,0.5,1,7,0,NA,2.275,59,1,0,0.00978265301737435,3,3,0,0,0,410
52,54123,500,2,"gaussian","fixed",0.001,5,0.005,2.5,0.01,2000,0.5,1,0,0,NA,0.642000000000003,17,0,1,NA,0,0,1,1,0,411
52,54123,500,2,"gaussian","linesearch",0.001,5,0.005,2.5,0.01,2000,0.5,1,7,0,NA,1.987,59,1,0,0.00978265301737435,2,2,0,0,0,412
52,54123,500,2,"gaussian","fixed",0.001,1,0.001,0.5,0.01,2000,0.5,1,0,0,NA,0.827999999999996,75,1,0,0.00930094302159501,0,0,1,1,0,413
52,54123,500,2,"gaussian","linesearch",0.001,1,0.001,0.5,0.01,2000,0.5,1,7,0,NA,1.657,75,1,0,0.00930094302159501,0,0,1,0,0,414
52,54123,500,2,"gaussian","fixed",0.001,0.2,2e-04,0.1,0.01,2000,0.5,1,0,0,NA,1.91200000000001,384,1,0,0.00993736121622513,0,0,1,1,0,415
52,54123,500,2,"gaussian","linesearch",0.001,0.2,2e-04,0.1,0.01,2000,0.5,1,7,0,NA,6.331,384,1,0,0.00993736121622513,0,0,1,0,0,416
53,55123,500,2,"gaussian","fixed",0.001,10,0.01,5,0.01,2000,0.5,1,0,0,NA,0.612000000000002,12,0,1,NA,0,0,1,1,0,417
53,55123,500,2,"gaussian","linesearch",0.001,10,0.01,5,0.01,2000,0.5,1,7,0,NA,2.134,59,1,0,0.00927985036569942,3,3,0,0,0,418
53,55123,500,2,"gaussian","fixed",0.001,5,0.005,2.5,0.01,2000,0.5,1,0,0,NA,0.622999999999998,17,0,1,NA,0,0,1,1,0,419
53,55123,500,2,"gaussian","linesearch",0.001,5,0.005,2.5,0.01,2000,0.5,1,7,0,NA,1.901,59,1,0,0.00927985036569942,2,2,0,0,0,420
53,55123,500,2,"gaussian","fixed",0.001,1,0.001,0.5,0.01,2000,0.5,1,0,0,NA,0.849000000000004,74,1,0,0.00978092878556869,0,0,1,1,0,421
53,55123,500,2,"gaussian","linesearch",0.001,1,0.001,0.5,0.01,2000,0.5,1,7,0,NA,1.79900000000001,74,1,0,0.00978092878556869,0,0,1,0,0,422
53,55123,500,2,"gaussian","fixed",0.001,0.2,2e-04,0.1,0.01,2000,0.5,1,0,0,NA,1.897,381,1,0,0.0099311247745692,0,0,1,1,0,423
53,55123,500,2,"gaussian","linesearch",0.001,0.2,2e-04,0.1,0.01,2000,0.5,1,7,0,NA,7.29000000000001,381,1,0,0.0099311247745692,0,0,1,0,0,424
54,56123,500,2,"gaussian","fixed",0.001,10,0.01,5,0.01,2000,0.5,1,0,0,NA,0.626000000000005,12,0,1,NA,0,0,1,1,0,425
54,56123,500,2,"gaussian","linesearch",0.001,10,0.01,5,0.01,2000,0.5,1,7,0,NA,2.123,59,1,0,0.00896487416127009,3,3,0,0,0,426
54,56123,500,2,"gaussian","fixed",0.001,5,0.005,2.5,0.01,2000,0.5,1,0,0,NA,0.616,16,0,1,Inf,0,0,1,1,0,427
54,56123,500,2,"gaussian","linesearch",0.001,5,0.005,2.5,0.01,2000,0.5,1,7,0,NA,1.763,59,1,0,0.00896487416127009,2,2,0,0,0,428
54,56123,500,2,"gaussian","fixed",0.001,1,0.001,0.5,0.01,2000,0.5,1,0,0,NA,0.848999999999997,74,1,0,0.00946851477692578,0,0,1,1,0,429
54,56123,500,2,"gaussian","linesearch",0.001,1,0.001,0.5,0.01,2000,0.5,1,7,0,NA,1.647,74,1,0,0.00946851477692578,0,0,1,0,0,430
54,56123,500,2,"gaussian","fixed",0.001,0.2,2e-04,0.1,0.01,2000,0.5,1,0,0,NA,1.887,380,1,0,0.00984718404104888,0,0,1,1,0,431
54,56123,500,2,"gaussian","linesearch",0.001,0.2,2e-04,0.1,0.01,2000,0.5,1,7,0,NA,7.349,380,1,0,0.00984718404104888,0,0,1,0,0,432
55,57123,500,2,"gaussian","fixed",0.001,10,0.01,5,0.01,2000,0.5,1,0,0,NA,0.609999999999999,12,0,1,Inf,0,0,1,1,0,433
55,57123,500,2,"gaussian","linesearch",0.001,10,0.01,5,0.01,2000,0.5,1,7,0,NA,2.09200000000001,61,1,0,0.00908180684687965,3,3,0,0,0,434
55,57123,500,2,"gaussian","fixed",0.001,5,0.005,2.5,0.01,2000,0.5,1,0,0,NA,0.619,16,0,1,NA,0,0,1,1,0,435
55,57123,500,2,"gaussian","linesearch",0.001,5,0.005,2.5,0.01,2000,0.5,1,7,0,NA,1.986,61,1,0,0.00908180684687965,2,2,0,0,0,436
55,57123,500,2,"gaussian","fixed",0.001,1,0.001,0.5,0.01,2000,0.5,1,0,0,NA,0.82,77,1,0,0.00905802201965999,0,0,1,1,0,437
55,57123,500,2,"gaussian","linesearch",0.001,1,0.001,0.5,0.01,2000,0.5,1,7,0,NA,1.785,77,1,0,0.00905802201965999,0,0,1,0,0,438
55,57123,500,2,"gaussian","fixed",0.001,0.2,2e-04,0.1,0.01,2000,0.5,1,0,0,NA,1.896,392,1,0,0.00984781009495239,0,0,1,1,0,439
55,57123,500,2,"gaussian","linesearch",0.001,0.2,2e-04,0.1,0.01,2000,0.5,1,7,0,NA,13.916,392,1,0,0.00984781009495239,0,0,1,0,0,440
56,58123,500,2,"gaussian","fixed",0.001,10,0.01,5,0.01,2000,0.5,1,0,0,NA,0.637999999999998,12,0,1,NA,0,0,1,1,0,441
56,58123,500,2,"gaussian","linesearch",0.001,10,0.01,5,0.01,2000,0.5,1,7,0,NA,2.206,58,1,0,0.0096647280932759,3,3,0,0,0,442
56,58123,500,2,"gaussian","fixed",0.001,5,0.005,2.5,0.01,2000,0.5,1,0,0,NA,0.627000000000002,16,0,1,Inf,0,0,1,1,0,443
56,58123,500,2,"gaussian","linesearch",0.001,5,0.005,2.5,0.01,2000,0.5,1,7,0,NA,1.975,58,1,0,0.0096647280932759,2,2,0,0,0,444
56,58123,500,2,"gaussian","fixed",0.001,1,0.001,0.5,0.01,2000,0.5,1,0,0,NA,0.863,73,1,0,0.00992478355308592,0,0,1,1,0,445
56,58123,500,2,"gaussian","linesearch",0.001,1,0.001,0.5,0.01,2000,0.5,1,7,0,NA,1.573,73,1,0,0.00992478355308592,0,0,1,0,0,446
56,58123,500,2,"gaussian","fixed",0.001,0.2,2e-04,0.1,0.01,2000,0.5,1,0,0,NA,1.92,377,1,0,0.00987220319029702,0,0,1,1,0,447
56,58123,500,2,"gaussian","linesearch",0.001,0.2,2e-04,0.1,0.01,2000,0.5,1,7,0,NA,6.542,377,1,0,0.00987220319029702,0,0,1,0,0,448
57,59123,500,2,"gaussian","fixed",0.001,10,0.01,5,0.01,2000,0.5,1,0,0,NA,0.609000000000002,12,0,1,NA,0,0,1,1,0,449
57,59123,500,2,"gaussian","linesearch",0.001,10,0.01,5,0.01,2000,0.5,1,7,0,NA,2.253,57,1,0,0.00888404842764196,3,3,0,0,0,450
57,59123,500,2,"gaussian","fixed",0.001,5,0.005,2.5,0.01,2000,0.5,1,0,0,NA,0.622,16,0,1,NA,0,0,1,1,0,451
57,59123,500,2,"gaussian","linesearch",0.001,5,0.005,2.5,0.01,2000,0.5,1,7,0,NA,2.139,57,1,0,0.00888404842764196,2,2,0,0,0,452
57,59123,500,2,"gaussian","fixed",0.001,1,0.001,0.5,0.01,2000,0.5,1,0,0,NA,0.838999999999999,71,1,0,0.00979818875298152,0,0,1,1,0,453
57,59123,500,2,"gaussian","linesearch",0.001,1,0.001,0.5,0.01,2000,0.5,1,7,0,NA,1.701,71,1,0,0.00979818875298152,0,0,1,0,0,454
57,59123,500,2,"gaussian","fixed",0.001,0.2,2e-04,0.1,0.01,2000,0.5,1,0,0,NA,1.838,365,1,0,0.00995966728433598,0,0,1,1,0,455
57,59123,500,2,"gaussian","linesearch",0.001,0.2,2e-04,0.1,0.01,2000,0.5,1,7,0,NA,8.359,365,1,0,0.00995966728433598,0,0,1,0,0,456
58,60123,500,2,"gaussian","fixed",0.001,10,0.01,5,0.01,2000,0.5,1,0,0,NA,0.610999999999997,12,0,1,NA,0,0,1,1,0,457
58,60123,500,2,"gaussian","linesearch",0.001,10,0.01,5,0.01,2000,0.5,1,7,0,NA,2.107,60,1,0,0.00900341563293416,3,3,0,0,0,458
58,60123,500,2,"gaussian","fixed",0.001,5,0.005,2.5,0.01,2000,0.5,1,0,0,NA,0.624000000000002,16,0,1,Inf,0,0,1,1,0,459
58,60123,500,2,"gaussian","linesearch",0.001,5,0.005,2.5,0.01,2000,0.5,1,7,0,NA,1.94600000000001,60,1,0,0.00900341563293416,2,2,0,0,0,460
58,60123,500,2,"gaussian","fixed",0.001,1,0.001,0.5,0.01,2000,0.5,1,0,0,NA,0.850000000000001,75,1,0,0.00964490610705182,0,0,1,1,0,461
58,60123,500,2,"gaussian","linesearch",0.001,1,0.001,0.5,0.01,2000,0.5,1,7,0,NA,1.681,75,1,0,0.00964490610705182,0,0,1,0,0,462
58,60123,500,2,"gaussian","fixed",0.001,0.2,2e-04,0.1,0.01,2000,0.5,1,0,0,NA,1.913,384,1,0,0.00999801793986355,0,0,1,1,0,463
58,60123,500,2,"gaussian","linesearch",0.001,0.2,2e-04,0.1,0.01,2000,0.5,1,7,0,NA,6.952,384,1,0,0.00999801793986355,0,0,1,0,0,464
59,61123,500,2,"gaussian","fixed",0.001,10,0.01,5,0.01,2000,0.5,1,0,0,NA,0.616999999999997,12,0,1,NA,0,0,1,1,0,465
59,61123,500,2,"gaussian","linesearch",0.001,10,0.01,5,0.01,2000,0.5,1,7,0,NA,2.376,62,1,0,0.0095854154200864,3,3,0,0,0,466
59,61123,500,2,"gaussian","fixed",0.001,5,0.005,2.5,0.01,2000,0.5,1,0,0,NA,0.621000000000002,16,0,1,NA,0,0,1,1,0,467
59,61123,500,2,"gaussian","linesearch",0.001,5,0.005,2.5,0.01,2000,0.5,1,7,0,NA,1.972,62,1,0,0.0095854154200864,2,2,0,0,0,468
59,61123,500,2,"gaussian","fixed",0.001,1,0.001,0.5,0.01,2000,0.5,1,0,0,NA,0.850000000000001,78,1,0,0.0098283682682625,0,0,1,1,0,469
59,61123,500,2,"gaussian","linesearch",0.001,1,0.001,0.5,0.01,2000,0.5,1,7,0,NA,1.909,78,1,0,0.0098283682682625,0,0,1,0,0,470
59,61123,500,2,"gaussian","fixed",0.001,0.2,2e-04,0.1,0.01,2000,0.5,1,0,0,NA,2.06,401,1,0,0.00997173212446978,0,0,1,1,0,471
59,61123,500,2,"gaussian","linesearch",0.001,0.2,2e-04,0.1,0.01,2000,0.5,1,7,0,NA,7.563,401,1,0,0.00997173212446978,0,0,1,0,0,472
60,62123,500,2,"gaussian","fixed",0.001,10,0.01,5,0.01,2000,0.5,1,0,0,NA,0.613,12,0,1,Inf,0,0,1,1,0,473
60,62123,500,2,"gaussian","linesearch",0.001,10,0.01,5,0.01,2000,0.5,1,7,0,NA,2.388,58,1,0,0.00987639706584653,3,3,0,0,0,474
60,62123,500,2,"gaussian","fixed",0.001,5,0.005,2.5,0.01,2000,0.5,1,0,0,NA,0.631,17,0,1,NA,0,0,1,1,0,475
60,62123,500,2,"gaussian","linesearch",0.001,5,0.005,2.5,0.01,2000,0.5,1,7,0,NA,2.185,58,1,0,0.00987639706584653,2,2,0,0,0,476
60,62123,500,2,"gaussian","fixed",0.001,1,0.001,0.5,0.01,2000,0.5,1,0,0,NA,0.800999999999995,74,1,0,0.00912399099266117,0,0,1,1,0,477
60,62123,500,2,"gaussian","linesearch",0.001,1,0.001,0.5,0.01,2000,0.5,1,7,0,NA,1.672,74,1,0,0.00912399099266117,0,0,1,0,0,478
60,62123,500,2,"gaussian","fixed",0.001,0.2,2e-04,0.1,0.01,2000,0.5,1,0,0,NA,1.931,378,1,0,0.00991955865696315,0,0,1,1,0,479
60,62123,500,2,"gaussian","linesearch",0.001,0.2,2e-04,0.1,0.01,2000,0.5,1,7,0,NA,6.564,378,1,0,0.00991955865696315,0,0,1,0,0,480
61,63123,500,2,"gaussian","fixed",0.001,10,0.01,5,0.01,2000,0.5,1,0,0,NA,0.658000000000001,13,0,1,NA,0,0,1,1,0,481
61,63123,500,2,"gaussian","linesearch",0.001,10,0.01,5,0.01,2000,0.5,1,7,0,NA,2.092,56,1,0,0.00903717132241891,3,3,0,0,0,482
61,63123,500,2,"gaussian","fixed",0.001,5,0.005,2.5,0.01,2000,0.5,1,0,0,NA,0.644999999999996,18,0,1,NA,0,0,1,1,0,483
61,63123,500,2,"gaussian","linesearch",0.001,5,0.005,2.5,0.01,2000,0.5,1,7,0,NA,2.126,56,1,0,0.00903717132241891,2,2,0,0,0,484
61,63123,500,2,"gaussian","fixed",0.001,1,0.001,0.5,0.01,2000,0.5,1,0,0,NA,0.845000000000006,70,1,0,0.00966145268991725,0,0,1,1,0,485
61,63123,500,2,"gaussian","linesearch",0.001,1,0.001,0.5,0.01,2000,0.5,1,7,0,NA,1.659,70,1,0,0.00966145268991725,0,0,1,0,0,486
61,63123,500,2,"gaussian","fixed",0.001,0.2,2e-04,0.1,0.01,2000,0.5,1,0,0,NA,1.859,359,1,0,0.00989916067971636,0,0,1,1,0,487
61,63123,500,2,"gaussian","linesearch",0.001,0.2,2e-04,0.1,0.01,2000,0.5,1,7,0,NA,6.803,359,1,0,0.00989916067971636,0,0,1,0,0,488
62,64123,500,2,"gaussian","fixed",0.001,10,0.01,5,0.01,2000,0.5,1,0,0,NA,0.603999999999999,12,0,1,Inf,0,0,1,1,0,489
62,64123,500,2,"gaussian","linesearch",0.001,10,0.01,5,0.01,2000,0.5,1,7,0,NA,2.328,57,1,0,0.00920740013958438,3,3,0,0,0,490
62,64123,500,2,"gaussian","fixed",0.001,5,0.005,2.5,0.01,2000,0.5,1,0,0,NA,0.615000000000002,16,0,1,NA,0,0,1,1,0,491
62,64123,500,2,"gaussian","linesearch",0.001,5,0.005,2.5,0.01,2000,0.5,1,7,0,NA,1.993,57,1,0,0.00920740013958438,2,2,0,0,0,492
62,64123,500,2,"gaussian","fixed",0.001,1,0.001,0.5,0.01,2000,0.5,1,0,0,NA,0.82,72,1,0,0.00914210095889345,0,0,1,1,0,493
62,64123,500,2,"gaussian","linesearch",0.001,1,0.001,0.5,0.01,2000,0.5,1,7,0,NA,1.683,72,1,0,0.00914210095889345,0,0,1,0,0,494
62,64123,500,2,"gaussian","fixed",0.001,0.2,2e-04,0.1,0.01,2000,0.5,1,0,0,NA,1.94,367,1,0,0.00982313354843006,0,0,1,1,0,495
62,64123,500,2,"gaussian","linesearch",0.001,0.2,2e-04,0.1,0.01,2000,0.5,1,7,0,NA,6.506,367,1,0,0.00982313354843006,0,0,1,0,0,496
63,65123,500,2,"gaussian","fixed",0.001,10,0.01,5,0.01,2000,0.5,1,0,0,NA,0.603000000000002,12,0,1,Inf,0,0,1,1,0,497
63,65123,500,2,"gaussian","linesearch",0.001,10,0.01,5,0.01,2000,0.5,1,7,0,NA,2.116,57,1,0,0.00968950621833842,3,3,0,0,0,498
63,65123,500,2,"gaussian","fixed",0.001,5,0.005,2.5,0.01,2000,0.5,1,0,0,NA,0.617000000000004,16,0,1,NA,0,0,1,1,0,499
63,65123,500,2,"gaussian","linesearch",0.001,5,0.005,2.5,0.01,2000,0.5,1,7,0,NA,1.862,57,1,0,0.00968950621833842,2,2,0,0,0,500
63,65123,500,2,"gaussian","fixed",0.001,1,0.001,0.5,0.01,2000,0.5,1,0,0,NA,0.835000000000001,72,1,0,0.00961311664124909,0,0,1,1,0,501
63,65123,500,2,"gaussian","linesearch",0.001,1,0.001,0.5,0.01,2000,0.5,1,7,0,NA,1.65600000000001,72,1,0,0.00961311664124909,0,0,1,0,0,502
63,65123,500,2,"gaussian","fixed",0.001,0.2,2e-04,0.1,0.01,2000,0.5,1,0,0,NA,1.895,369,1,0,0.00990286663502205,0,0,1,1,0,503
63,65123,500,2,"gaussian","linesearch",0.001,0.2,2e-04,0.1,0.01,2000,0.5,1,7,0,NA,6.85400000000001,369,1,0,0.00990286663502205,0,0,1,0,0,504
64,66123,500,2,"gaussian","fixed",0.001,10,0.01,5,0.01,2000,0.5,1,0,0,NA,0.608999999999995,12,0,1,Inf,0,0,1,1,0,505
64,66123,500,2,"gaussian","linesearch",0.001,10,0.01,5,0.01,2000,0.5,1,7,0,NA,2.39400000000001,58,1,0,0.00984372902819214,3,3,0,0,0,506
64,66123,500,2,"gaussian","fixed",0.001,5,0.005,2.5,0.01,2000,0.5,1,0,0,NA,0.613,16,0,1,Inf,0,0,1,1,0,507
64,66123,500,2,"gaussian","linesearch",0.001,5,0.005,2.5,0.01,2000,0.5,1,7,0,NA,2.014,58,1,0,0.00984372902819214,2,2,0,0,0,508
64,66123,500,2,"gaussian","fixed",0.001,1,0.001,0.5,0.01,2000,0.5,1,0,0,NA,0.846000000000004,74,1,0,0.00907399013558274,0,0,1,1,0,509
64,66123,500,2,"gaussian","linesearch",0.001,1,0.001,0.5,0.01,2000,0.5,1,7,0,NA,1.758,74,1,0,0.00907399013558274,0,0,1,0,0,510
64,66123,500,2,"gaussian","fixed",0.001,0.2,2e-04,0.1,0.01,2000,0.5,1,0,0,NA,1.918,377,1,0,0.0098934249367254,0,0,1,1,0,511
64,66123,500,2,"gaussian","linesearch",0.001,0.2,2e-04,0.1,0.01,2000,0.5,1,7,0,NA,7.808,377,1,0,0.0098934249367254,0,0,1,0,0,512
65,67123,500,2,"gaussian","fixed",0.001,10,0.01,5,0.01,2000,0.5,1,0,0,NA,0.603000000000002,12,0,1,NA,0,0,1,1,0,513
65,67123,500,2,"gaussian","linesearch",0.001,10,0.01,5,0.01,2000,0.5,1,7,0,NA,2.268,59,1,0,0.00968559345464359,3,3,0,0,0,514
65,67123,500,2,"gaussian","fixed",0.001,5,0.005,2.5,0.01,2000,0.5,1,0,0,NA,0.615000000000002,16,0,1,Inf,0,0,1,1,0,515
65,67123,500,2,"gaussian","linesearch",0.001,5,0.005,2.5,0.01,2000,0.5,1,7,0,NA,1.857,59,1,0,0.00968559345464359,2,2,0,0,0,516
65,67123,500,2,"gaussian","fixed",0.001,1,0.001,0.5,0.01,2000,0.5,1,0,0,NA,0.838000000000001,75,1,0,0.00916298025173801,0,0,1,1,0,517
65,67123,500,2,"gaussian","linesearch",0.001,1,0.001,0.5,0.01,2000,0.5,1,7,0,NA,2.05,75,1,0,0.00916298025173801,0,0,1,0,0,518
65,67123,500,2,"gaussian","fixed",0.001,0.2,2e-04,0.1,0.01,2000,0.5,1,0,0,NA,2.012,382,1,0,0.00988763333646159,0,0,1,1,0,519
65,67123,500,2,"gaussian","linesearch",0.001,0.2,2e-04,0.1,0.01,2000,0.5,1,7,0,NA,6.607,382,1,0,0.00988763333646159,0,0,1,0,0,520
66,68123,500,2,"gaussian","fixed",0.001,10,0.01,5,0.01,2000,0.5,1,0,0,NA,0.628,12,0,1,NA,0,0,1,1,0,521
66,68123,500,2,"gaussian","linesearch",0.001,10,0.01,5,0.01,2000,0.5,1,7,0,NA,2.418,61,1,0,0.00944107496248647,3,3,0,0,0,522
66,68123,500,2,"gaussian","fixed",0.001,5,0.005,2.5,0.01,2000,0.5,1,0,0,NA,0.616,16,0,1,NA,0,0,1,1,0,523
66,68123,500,2,"gaussian","linesearch",0.001,5,0.005,2.5,0.01,2000,0.5,1,7,0,NA,1.887,61,1,0,0.00944107496248647,2,2,0,0,0,524
66,68123,500,2,"gaussian","fixed",0.001,1,0.001,0.5,0.01,2000,0.5,1,0,0,NA,0.814,77,1,0,0.00944221862018624,0,0,1,1,0,525
66,68123,500,2,"gaussian","linesearch",0.001,1,0.001,0.5,0.01,2000,0.5,1,7,0,NA,1.609,77,1,0,0.00944221862018624,0,0,1,0,0,526
66,68123,500,2,"gaussian","fixed",0.001,0.2,2e-04,0.1,0.01,2000,0.5,1,0,0,NA,1.992,394,1,0,0.00997166414178363,0,0,1,1,0,527
66,68123,500,2,"gaussian","linesearch",0.001,0.2,2e-04,0.1,0.01,2000,0.5,1,7,0,NA,6.819,394,1,0,0.00997166414178363,0,0,1,0,0,528
67,69123,500,2,"gaussian","fixed",0.001,10,0.01,5,0.01,2000,0.5,1,0,0,NA,0.617999999999995,12,0,1,Inf,0,0,1,1,0,529
67,69123,500,2,"gaussian","linesearch",0.001,10,0.01,5,0.01,2000,0.5,1,7,0,NA,2.389,55,1,0,0.00959966750619887,3,3,0,0,0,530
67,69123,500,2,"gaussian","fixed",0.001,5,0.005,2.5,0.01,2000,0.5,1,0,0,NA,0.631,17,0,1,NA,0,0,1,1,0,531
67,69123,500,2,"gaussian","linesearch",0.001,5,0.005,2.5,0.01,2000,0.5,1,7,0,NA,1.923,55,1,0,0.00959966750619887,2,2,0,0,0,532
67,69123,500,2,"gaussian","fixed",0.001,1,0.001,0.5,0.01,2000,0.5,1,0,0,NA,0.804000000000002,69,1,0,0.00996485748751819,0,0,1,1,0,533
67,69123,500,2,"gaussian","linesearch",0.001,1,0.001,0.5,0.01,2000,0.5,1,7,0,NA,1.605,69,1,0,0.00996485748751819,0,0,1,0,0,534
67,69123,500,2,"gaussian","fixed",0.001,0.2,2e-04,0.1,0.01,2000,0.5,1,0,0,NA,1.836,356,1,0,0.00988710046323834,0,0,1,1,0,535
67,69123,500,2,"gaussian","linesearch",0.001,0.2,2e-04,0.1,0.01,2000,0.5,1,7,0,NA,6.742,356,1,0,0.00988710046323834,0,0,1,0,0,536
68,70123,500,2,"gaussian","fixed",0.001,10,0.01,5,0.01,2000,0.5,1,0,0,NA,0.607000000000006,13,0,1,NA,0,0,1,1,0,537
68,70123,500,2,"gaussian","linesearch",0.001,10,0.01,5,0.01,2000,0.5,1,7,0,NA,1.993,54,1,0,0.00944976268920294,3,3,0,0,0,538
68,70123,500,2,"gaussian","fixed",0.001,5,0.005,2.5,0.01,2000,0.5,1,0,0,NA,0.619999999999997,17,0,1,NA,0,0,1,1,0,539
68,70123,500,2,"gaussian","linesearch",0.001,5,0.005,2.5,0.01,2000,0.5,1,7,0,NA,1.74,54,1,0,0.00944976268920294,2,2,0,0,0,540
68,70123,500,2,"gaussian","fixed",0.001,1,0.001,0.5,0.01,2000,0.5,1,0,0,NA,0.807000000000002,68,1,0,0.00962218031662614,0,0,1,1,0,541
68,70123,500,2,"gaussian","linesearch",0.001,1,0.001,0.5,0.01,2000,0.5,1,7,0,NA,1.572,68,1,0,0.00962218031662614,0,0,1,0,0,542
68,70123,500,2,"gaussian","fixed",0.001,0.2,2e-04,0.1,0.01,2000,0.5,1,0,0,NA,1.792,349,1,0,0.00991312058244159,0,0,1,1,0,543
68,70123,500,2,"gaussian","linesearch",0.001,0.2,2e-04,0.1,0.01,2000,0.5,1,7,0,NA,5.747,349,1,0,0.00991312058244159,0,0,1,0,0,544
69,71123,500,2,"gaussian","fixed",0.001,10,0.01,5,0.01,2000,0.5,1,0,0,NA,0.615000000000002,12,0,1,Inf,0,0,1,1,0,545
69,71123,500,2,"gaussian","linesearch",0.001,10,0.01,5,0.01,2000,0.5,1,7,0,NA,2.284,61,1,0,0.00967414008281114,3,3,0,0,0,546
69,71123,500,2,"gaussian","fixed",0.001,5,0.005,2.5,0.01,2000,0.5,1,0,0,NA,0.640999999999998,16,0,1,NA,0,0,1,1,0,547
69,71123,500,2,"gaussian","linesearch",0.001,5,0.005,2.5,0.01,2000,0.5,1,7,0,NA,2.077,61,1,0,0.00967414008281114,2,2,0,0,0,548
69,71123,500,2,"gaussian","fixed",0.001,1,0.001,0.5,0.01,2000,0.5,1,0,0,NA,0.881,77,1,0,0.00962477524132693,0,0,1,1,0,549
69,71123,500,2,"gaussian","linesearch",0.001,1,0.001,0.5,0.01,2000,0.5,1,7,0,NA,1.845,77,1,0,0.00962477524132693,0,0,1,0,0,550
69,71123,500,2,"gaussian","fixed",0.001,0.2,2e-04,0.1,0.01,2000,0.5,1,0,0,NA,2.029,394,1,0,0.00998275269164745,0,0,1,1,0,551
69,71123,500,2,"gaussian","linesearch",0.001,0.2,2e-04,0.1,0.01,2000,0.5,1,7,0,NA,7.166,394,1,0,0.00998275269164745,0,0,1,0,0,552
70,72123,500,2,"gaussian","fixed",0.001,10,0.01,5,0.01,2000,0.5,1,0,0,NA,0.618000000000002,12,0,1,Inf,0,0,1,1,0,553
70,72123,500,2,"gaussian","linesearch",0.001,10,0.01,5,0.01,2000,0.5,1,7,0,NA,2.104,58,1,0,0.00967339465993955,3,3,0,0,0,554
70,72123,500,2,"gaussian","fixed",0.001,5,0.005,2.5,0.01,2000,0.5,1,0,0,NA,0.623000000000005,16,0,1,NA,0,0,1,1,0,555
70,72123,500,2,"gaussian","linesearch",0.001,5,0.005,2.5,0.01,2000,0.5,1,7,0,NA,1.779,58,1,0,0.00967339465993955,2,2,0,0,0,556
70,72123,500,2,"gaussian","fixed",0.001,1,0.001,0.5,0.01,2000,0.5,1,0,0,NA,0.832000000000001,73,1,0,0.00992771731050168,0,0,1,1,0,557
70,72123,500,2,"gaussian","linesearch",0.001,1,0.001,0.5,0.01,2000,0.5,1,7,0,NA,1.645,73,1,0,0.00992771731050168,0,0,1,0,0,558
70,72123,500,2,"gaussian","fixed",0.001,0.2,2e-04,0.1,0.01,2000,0.5,1,0,0,NA,1.979,377,1,0,0.00985495644096518,0,0,1,1,0,559
70,72123,500,2,"gaussian","linesearch",0.001,0.2,2e-04,0.1,0.01,2000,0.5,1,7,0,NA,7.024,377,1,0,0.00985495644096518,0,0,1,0,0,560
71,73123,500,2,"gaussian","fixed",0.001,10,0.01,5,0.01,2000,0.5,1,0,0,NA,0.609999999999999,13,0,1,NA,0,0,1,1,0,561
71,73123,500,2,"gaussian","linesearch",0.001,10,0.01,5,0.01,2000,0.5,1,7,0,NA,2.6,57,1,0,0.00958448978568915,3,3,0,0,0,562
71,73123,500,2,"gaussian","fixed",0.001,5,0.005,2.5,0.01,2000,0.5,1,0,0,NA,0.670999999999999,19,0,1,NA,0,0,1,1,0,563
71,73123,500,2,"gaussian","linesearch",0.001,5,0.005,2.5,0.01,2000,0.5,1,7,0,NA,2.25,57,1,0,0.00958448978568915,2,2,0,0,0,564
71,73123,500,2,"gaussian","fixed",0.001,1,0.001,0.5,0.01,2000,0.5,1,0,0,NA,0.838999999999999,72,1,0,0.00949435987307301,0,0,1,1,0,565
71,73123,500,2,"gaussian","linesearch",0.001,1,0.001,0.5,0.01,2000,0.5,1,7,0,NA,2.03,72,1,0,0.00949435987307301,0,0,1,0,0,566
71,73123,500,2,"gaussian","fixed",0.001,0.2,2e-04,0.1,0.01,2000,0.5,1,0,0,NA,1.892,368,1,0,0.00991833494326455,0,0,1,1,0,567
71,73123,500,2,"gaussian","linesearch",0.001,0.2,2e-04,0.1,0.01,2000,0.5,1,7,0,NA,6.494,368,1,0,0.00991833494326455,0,0,1,0,0,568
72,74123,500,2,"gaussian","fixed",0.001,10,0.01,5,0.01,2000,0.5,1,0,0,NA,0.620000000000005,12,0,1,NA,0,0,1,1,0,569
72,74123,500,2,"gaussian","linesearch",0.001,10,0.01,5,0.01,2000,0.5,1,7,0,NA,2.285,59,1,0,0.00920294068312594,3,3,0,0,0,570
72,74123,500,2,"gaussian","fixed",0.001,5,0.005,2.5,0.01,2000,0.5,1,0,0,NA,0.627000000000002,16,0,1,NA,0,0,1,1,0,571
72,74123,500,2,"gaussian","linesearch",0.001,5,0.005,2.5,0.01,2000,0.5,1,7,0,NA,1.924,59,1,0,0.00920294068312594,2,2,0,0,0,572
72,74123,500,2,"gaussian","fixed",0.001,1,0.001,0.5,0.01,2000,0.5,1,0,0,NA,0.817,74,1,0,0.00972341462071813,0,0,1,1,0,573
72,74123,500,2,"gaussian","linesearch",0.001,1,0.001,0.5,0.01,2000,0.5,1,7,0,NA,1.91500000000001,74,1,0,0.00972341462071813,0,0,1,0,0,574
72,74123,500,2,"gaussian","fixed",0.001,0.2,2e-04,0.1,0.01,2000,0.5,1,0,0,NA,1.925,381,1,0,0.00991328399471825,0,0,1,1,0,575
72,74123,500,2,"gaussian","linesearch",0.001,0.2,2e-04,0.1,0.01,2000,0.5,1,7,0,NA,6.52999999999999,381,1,0,0.00991328399471825,0,0,1,0,0,576
73,75123,500,2,"gaussian","fixed",0.001,10,0.01,5,0.01,2000,0.5,1,0,0,NA,0.616,13,0,1,NA,0,0,1,1,0,577
73,75123,500,2,"gaussian","linesearch",0.001,10,0.01,5,0.01,2000,0.5,1,7,0,NA,2.275,59,1,0,0.00943271534850267,3,3,0,0,0,578
73,75123,500,2,"gaussian","fixed",0.001,5,0.005,2.5,0.01,2000,0.5,1,0,0,NA,0.628,18,0,1,NA,0,0,1,1,0,579
73,75123,500,2,"gaussian","linesearch",0.001,5,0.005,2.5,0.01,2000,0.5,1,7,0,NA,1.963,59,1,0,0.00943271534850267,2,2,0,0,0,580
73,75123,500,2,"gaussian","fixed",0.001,1,0.001,0.5,0.01,2000,0.5,1,0,0,NA,0.855999999999995,74,1,0,0.00992655212247593,0,0,1,1,0,581
73,75123,500,2,"gaussian","linesearch",0.001,1,0.001,0.5,0.01,2000,0.5,1,7,0,NA,1.772,74,1,0,0.00992655212247593,0,0,1,0,0,582
73,75123,500,2,"gaussian","fixed",0.001,0.2,2e-04,0.1,0.01,2000,0.5,1,0,0,NA,2.012,382,1,0,0.00983348523831428,0,0,1,1,0,583
73,75123,500,2,"gaussian","linesearch",0.001,0.2,2e-04,0.1,0.01,2000,0.5,1,7,0,NA,7.71400000000001,382,1,0,0.00983348523831428,0,0,1,0,0,584
74,76123,500,2,"gaussian","fixed",0.001,10,0.01,5,0.01,2000,0.5,1,0,0,NA,0.615000000000002,12,0,1,Inf,0,0,1,1,0,585
74,76123,500,2,"gaussian","linesearch",0.001,10,0.01,5,0.01,2000,0.5,1,7,0,NA,2.475,60,1,0,0.00945524043180002,3,3,0,0,0,586
74,76123,500,2,"gaussian","fixed",0.001,5,0.005,2.5,0.01,2000,0.5,1,0,0,NA,0.68,16,0,1,NA,0,0,1,1,0,587
74,76123,500,2,"gaussian","linesearch",0.001,5,0.005,2.5,0.01,2000,0.5,1,7,0,NA,2.281,60,1,0,0.00945524043180002,2,2,0,0,0,588
74,76123,500,2,"gaussian","fixed",0.001,1,0.001,0.5,0.01,2000,0.5,1,0,0,NA,0.847000000000001,76,1,0,0.0092218627689471,0,0,1,1,0,589
74,76123,500,2,"gaussian","linesearch",0.001,1,0.001,0.5,0.01,2000,0.5,1,7,0,NA,1.837,76,1,0,0.0092218627689471,0,0,1,0,0,590
74,76123,500,2,"gaussian","fixed",0.001,0.2,2e-04,0.1,0.01,2000,0.5,1,0,0,NA,1.968,388,1,0,0.00998364828402432,0,0,1,1,0,591
74,76123,500,2,"gaussian","linesearch",0.001,0.2,2e-04,0.1,0.01,2000,0.5,1,7,0,NA,7.823,388,1,0,0.00998364828402432,0,0,1,0,0,592
75,77123,500,2,"gaussian","fixed",0.001,10,0.01,5,0.01,2000,0.5,1,0,0,NA,0.626000000000005,12,0,1,Inf,0,0,1,1,0,593
75,77123,500,2,"gaussian","linesearch",0.001,10,0.01,5,0.01,2000,0.5,1,7,0,NA,2.463,56,1,0,0.00877477223290414,3,3,0,0,0,594
75,77123,500,2,"gaussian","fixed",0.001,5,0.005,2.5,0.01,2000,0.5,1,0,0,NA,0.670999999999999,16,0,1,NA,0,0,1,1,0,595
75,77123,500,2,"gaussian","linesearch",0.001,5,0.005,2.5,0.01,2000,0.5,1,7,0,NA,2.218,56,1,0,0.00877477223290414,2,2,0,0,0,596
75,77123,500,2,"gaussian","fixed",0.001,1,0.001,0.5,0.01,2000,0.5,1,0,0,NA,0.879000000000005,70,1,0,0.00943423257848069,0,0,1,1,0,597
75,77123,500,2,"gaussian","linesearch",0.001,1,0.001,0.5,0.01,2000,0.5,1,7,0,NA,1.63,70,1,0,0.00943423257848069,0,0,1,0,0,598
75,77123,500,2,"gaussian","fixed",0.001,0.2,2e-04,0.1,0.01,2000,0.5,1,0,0,NA,1.88500000000001,358,1,0,0.00996865241287452,0,0,1,1,0,599
75,77123,500,2,"gaussian","linesearch",0.001,0.2,2e-04,0.1,0.01,2000,0.5,1,7,0,NA,6.03,358,1,0,0.00996865241287452,0,0,1,0,0,600
76,78123,500,2,"gaussian","fixed",0.001,10,0.01,5,0.01,2000,0.5,1,0,0,NA,0.611999999999995,13,0,1,NA,0,0,1,1,0,601
76,78123,500,2,"gaussian","linesearch",0.001,10,0.01,5,0.01,2000,0.5,1,7,0,NA,2.13,57,1,0,0.00944394182619934,3,3,0,0,0,602
76,78123,500,2,"gaussian","fixed",0.001,5,0.005,2.5,0.01,2000,0.5,1,0,0,NA,0.625999999999998,17,0,1,NA,0,0,1,1,0,603
76,78123,500,2,"gaussian","linesearch",0.001,5,0.005,2.5,0.01,2000,0.5,1,7,0,NA,1.932,57,1,0,0.00944394182619934,2,2,0,0,0,604
76,78123,500,2,"gaussian","fixed",0.001,1,0.001,0.5,0.01,2000,0.5,1,0,0,NA,0.804000000000002,72,1,0,0.00942903728604105,0,0,1,1,0,605
76,78123,500,2,"gaussian","linesearch",0.001,1,0.001,0.5,0.01,2000,0.5,1,7,0,NA,1.965,72,1,0,0.00942903728604105,0,0,1,0,0,606
76,78123,500,2,"gaussian","fixed",0.001,0.2,2e-04,0.1,0.01,2000,0.5,1,0,0,NA,1.873,369,1,0,0.00993005474691611,0,0,1,1,0,607
76,78123,500,2,"gaussian","linesearch",0.001,0.2,2e-04,0.1,0.01,2000,0.5,1,7,0,NA,7.533,369,1,0,0.00993005474691611,0,0,1,0,0,608
77,79123,500,2,"gaussian","fixed",0.001,10,0.01,5,0.01,2000,0.5,1,0,0,NA,0.628999999999998,12,0,1,Inf,0,0,1,1,0,609
77,79123,500,2,"gaussian","linesearch",0.001,10,0.01,5,0.01,2000,0.5,1,7,0,NA,2.179,60,1,0,0.00892131822849301,3,3,0,0,0,610
77,79123,500,2,"gaussian","fixed",0.001,5,0.005,2.5,0.01,2000,0.5,1,0,0,NA,0.702000000000005,16,0,1,NA,0,0,1,1,0,611
77,79123,500,2,"gaussian","linesearch",0.001,5,0.005,2.5,0.01,2000,0.5,1,7,0,NA,1.905,60,1,0,0.00892131822849301,2,2,0,0,0,612
77,79123,500,2,"gaussian","fixed",0.001,1,0.001,0.5,0.01,2000,0.5,1,0,0,NA,0.82,75,1,0,0.00965518768050011,0,0,1,1,0,613
77,79123,500,2,"gaussian","linesearch",0.001,1,0.001,0.5,0.01,2000,0.5,1,7,0,NA,1.776,75,1,0,0.00965518768050011,0,0,1,0,0,614
77,79123,500,2,"gaussian","fixed",0.001,0.2,2e-04,0.1,0.01,2000,0.5,1,0,0,NA,2.059,386,1,0,0.00981882796398748,0,0,1,1,0,615
77,79123,500,2,"gaussian","linesearch",0.001,0.2,2e-04,0.1,0.01,2000,0.5,1,7,0,NA,6.597,386,1,0,0.00981882796398748,0,0,1,0,0,616
78,80123,500,2,"gaussian","fixed",0.001,10,0.01,5,0.01,2000,0.5,1,0,0,NA,0.612000000000002,12,0,1,Inf,0,0,1,1,0,617
78,80123,500,2,"gaussian","linesearch",0.001,10,0.01,5,0.01,2000,0.5,1,7,0,NA,2.197,57,1,0,0.00966057835452785,3,3,0,0,0,618
78,80123,500,2,"gaussian","fixed",0.001,5,0.005,2.5,0.01,2000,0.5,1,0,0,NA,0.616999999999997,16,0,1,NA,0,0,1,1,0,619
78,80123,500,2,"gaussian","linesearch",0.001,5,0.005,2.5,0.01,2000,0.5,1,7,0,NA,1.959,57,1,0,0.00966057835452785,2,2,0,0,0,620
78,80123,500,2,"gaussian","fixed",0.001,1,0.001,0.5,0.01,2000,0.5,1,0,0,NA,0.897999999999996,72,1,0,0.00956327883950203,0,0,1,1,0,621
78,80123,500,2,"gaussian","linesearch",0.001,1,0.001,0.5,0.01,2000,0.5,1,7,0,NA,1.747,72,1,0,0.00956327883950203,0,0,1,0,0,622
78,80123,500,2,"gaussian","fixed",0.001,0.2,2e-04,0.1,0.01,2000,0.5,1,0,0,NA,1.81,368,1,0,0.00996252572970291,0,0,1,1,0,623
78,80123,500,2,"gaussian","linesearch",0.001,0.2,2e-04,0.1,0.01,2000,0.5,1,7,0,NA,7.99099999999999,368,1,0,0.00996252572970291,0,0,1,0,0,624
79,81123,500,2,"gaussian","fixed",0.001,10,0.01,5,0.01,2000,0.5,1,0,0,NA,0.622,12,0,1,Inf,0,0,1,1,0,625
79,81123,500,2,"gaussian","linesearch",0.001,10,0.01,5,0.01,2000,0.5,1,7,0,NA,2.018,57,1,0,0.00887940109388263,3,3,0,0,0,626
79,81123,500,2,"gaussian","fixed",0.001,5,0.005,2.5,0.01,2000,0.5,1,0,0,NA,0.632000000000005,17,0,1,NA,0,0,1,1,0,627
79,81123,500,2,"gaussian","linesearch",0.001,5,0.005,2.5,0.01,2000,0.5,1,7,0,NA,1.805,57,1,0,0.00887940109388263,2,2,0,0,0,628
79,81123,500,2,"gaussian","fixed",0.001,1,0.001,0.5,0.01,2000,0.5,1,0,0,NA,0.829000000000001,71,1,0,0.00986710116046763,0,0,1,1,0,629
79,81123,500,2,"gaussian","linesearch",0.001,1,0.001,0.5,0.01,2000,0.5,1,7,0,NA,1.608,71,1,0,0.00986710116046763,0,0,1,0,0,630
79,81123,500,2,"gaussian","fixed",0.001,0.2,2e-04,0.1,0.01,2000,0.5,1,0,0,NA,1.86499999999999,366,1,0,0.00994897335706757,0,0,1,1,0,631
79,81123,500,2,"gaussian","linesearch",0.001,0.2,2e-04,0.1,0.01,2000,0.5,1,7,0,NA,7.263,366,1,0,0.00994897335706757,0,0,1,0,0,632
80,82123,500,2,"gaussian","fixed",0.001,10,0.01,5,0.01,2000,0.5,1,0,0,NA,0.603000000000002,12,0,1,Inf,0,0,1,1,0,633
80,82123,500,2,"gaussian","linesearch",0.001,10,0.01,5,0.01,2000,0.5,1,7,0,NA,2.141,58,1,0,0.00992716271629024,3,3,0,0,0,634
80,82123,500,2,"gaussian","fixed",0.001,5,0.005,2.5,0.01,2000,0.5,1,0,0,NA,0.622999999999998,16,0,1,NA,0,0,1,1,0,635
80,82123,500,2,"gaussian","linesearch",0.001,5,0.005,2.5,0.01,2000,0.5,1,7,0,NA,2.218,58,1,0,0.00992716271629024,2,2,0,0,0,636
80,82123,500,2,"gaussian","fixed",0.001,1,0.001,0.5,0.01,2000,0.5,1,0,0,NA,0.828000000000003,74,1,0,0.00916748747559104,0,0,1,1,0,637
80,82123,500,2,"gaussian","linesearch",0.001,1,0.001,0.5,0.01,2000,0.5,1,7,0,NA,1.65,74,1,0,0.00916748747559104,0,0,1,0,0,638
80,82123,500,2,"gaussian","fixed",0.001,0.2,2e-04,0.1,0.01,2000,0.5,1,0,0,NA,1.88800000000001,378,1,0,0.00993852063289358,0,0,1,1,0,639
80,82123,500,2,"gaussian","linesearch",0.001,0.2,2e-04,0.1,0.01,2000,0.5,1,7,0,NA,6.895,378,1,0,0.00993852063289358,0,0,1,0,0,640
81,83123,500,2,"gaussian","fixed",0.001,10,0.01,5,0.01,2000,0.5,1,0,0,NA,0.612000000000002,12,0,1,NA,0,0,1,1,0,641
81,83123,500,2,"gaussian","linesearch",0.001,10,0.01,5,0.01,2000,0.5,1,7,0,NA,2.174,62,1,0,0.00908415488473549,3,3,0,0,0,642
81,83123,500,2,"gaussian","fixed",0.001,5,0.005,2.5,0.01,2000,0.5,1,0,0,NA,0.626000000000005,17,0,1,NA,0,0,1,1,0,643
81,83123,500,2,"gaussian","linesearch",0.001,5,0.005,2.5,0.01,2000,0.5,1,7,0,NA,1.955,62,1,0,0.00908415488473549,2,2,0,0,0,644
81,83123,500,2,"gaussian","fixed",0.001,1,0.001,0.5,0.01,2000,0.5,1,0,0,NA,0.819000000000003,78,1,0,0.00934475097814272,0,0,1,1,0,645
81,83123,500,2,"gaussian","linesearch",0.001,1,0.001,0.5,0.01,2000,0.5,1,7,0,NA,1.662,78,1,0,0.00934475097814272,0,0,1,0,0,646
81,83123,500,2,"gaussian","fixed",0.001,0.2,2e-04,0.1,0.01,2000,0.5,1,0,0,NA,1.91,399,1,0,0.00994362950713425,0,0,1,1,0,647
81,83123,500,2,"gaussian","linesearch",0.001,0.2,2e-04,0.1,0.01,2000,0.5,1,7,0,NA,6.2,399,1,0,0.00994362950713425,0,0,1,0,0,648
82,84123,500,2,"gaussian","fixed",0.001,10,0.01,5,0.01,2000,0.5,1,0,0,NA,0.603999999999999,12,0,1,NA,0,0,1,1,0,649
82,84123,500,2,"gaussian","linesearch",0.001,10,0.01,5,0.01,2000,0.5,1,7,0,NA,1.978,56,1,0,0.00977645365271052,3,3,0,0,0,650
82,84123,500,2,"gaussian","fixed",0.001,5,0.005,2.5,0.01,2000,0.5,1,0,0,NA,0.613,16,0,1,NA,0,0,1,1,0,651
82,84123,500,2,"gaussian","linesearch",0.001,5,0.005,2.5,0.01,2000,0.5,1,7,0,NA,1.794,56,1,0,0.00977645365271052,2,2,0,0,0,652
82,84123,500,2,"gaussian","fixed",0.001,1,0.001,0.5,0.01,2000,0.5,1,0,0,NA,0.817999999999998,71,1,0,0.00952096179752715,0,0,1,1,0,653
82,84123,500,2,"gaussian","linesearch",0.001,1,0.001,0.5,0.01,2000,0.5,1,7,0,NA,1.98,71,1,0,0.00952096179752715,0,0,1,0,0,654
82,84123,500,2,"gaussian","fixed",0.001,0.2,2e-04,0.1,0.01,2000,0.5,1,0,0,NA,1.935,365,1,0,0.00993216228019378,0,0,1,1,0,655
82,84123,500,2,"gaussian","linesearch",0.001,0.2,2e-04,0.1,0.01,2000,0.5,1,7,0,NA,8.45999999999999,365,1,0,0.00993216228019378,0,0,1,0,0,656
83,85123,500,2,"gaussian","fixed",0.001,10,0.01,5,0.01,2000,0.5,1,0,0,NA,0.627000000000002,12,0,1,Inf,0,0,1,1,0,657
83,85123,500,2,"gaussian","linesearch",0.001,10,0.01,5,0.01,2000,0.5,1,7,0,NA,2.142,59,1,0,0.00965056119500018,3,3,0,0,0,658
83,85123,500,2,"gaussian","fixed",0.001,5,0.005,2.5,0.01,2000,0.5,1,0,0,NA,0.637999999999998,16,0,1,NA,0,0,1,1,0,659
83,85123,500,2,"gaussian","linesearch",0.001,5,0.005,2.5,0.01,2000,0.5,1,7,0,NA,1.818,59,1,0,0.00965056119500018,2,2,0,0,0,660
83,85123,500,2,"gaussian","fixed",0.001,1,0.001,0.5,0.01,2000,0.5,1,0,0,NA,0.805999999999997,75,1,0,0.00914999580861375,0,0,1,1,0,661
83,85123,500,2,"gaussian","linesearch",0.001,1,0.001,0.5,0.01,2000,0.5,1,7,0,NA,1.587,75,1,0,0.00914999580861375,0,0,1,0,0,662
83,85123,500,2,"gaussian","fixed",0.001,0.2,2e-04,0.1,0.01,2000,0.5,1,0,0,NA,1.865,383,1,0,0.00981210130184751,0,0,1,1,0,663
83,85123,500,2,"gaussian","linesearch",0.001,0.2,2e-04,0.1,0.01,2000,0.5,1,7,0,NA,6.38000000000001,383,1,0,0.00981210130184751,0,0,1,0,0,664
84,86123,500,2,"gaussian","fixed",0.001,10,0.01,5,0.01,2000,0.5,1,0,0,NA,0.607000000000006,12,0,1,NA,0,0,1,1,0,665
84,86123,500,2,"gaussian","linesearch",0.001,10,0.01,5,0.01,2000,0.5,1,7,0,NA,2.112,59,1,0,0.00876341184368801,3,3,0,0,0,666
84,86123,500,2,"gaussian","fixed",0.001,5,0.005,2.5,0.01,2000,0.5,1,0,0,NA,0.618000000000002,16,0,1,NA,0,0,1,1,0,667
84,86123,500,2,"gaussian","linesearch",0.001,5,0.005,2.5,0.01,2000,0.5,1,7,0,NA,1.954,59,1,0,0.00876341184368801,2,2,0,0,0,668
84,86123,500,2,"gaussian","fixed",0.001,1,0.001,0.5,0.01,2000,0.5,1,0,0,NA,0.816000000000003,74,1,0,0.0092825997226802,0,0,1,1,0,669
84,86123,500,2,"gaussian","linesearch",0.001,1,0.001,0.5,0.01,2000,0.5,1,7,0,NA,1.65799999999999,74,1,0,0.0092825997226802,0,0,1,0,0,670
84,86123,500,2,"gaussian","fixed",0.001,0.2,2e-04,0.1,0.01,2000,0.5,1,0,0,NA,2.029,379,1,0,0.00991676733488422,0,0,1,1,0,671
84,86123,500,2,"gaussian","linesearch",0.001,0.2,2e-04,0.1,0.01,2000,0.5,1,7,0,NA,7.18899999999999,379,1,0,0.00991676733488422,0,0,1,0,0,672
85,87123,500,2,"gaussian","fixed",0.001,10,0.01,5,0.01,2000,0.5,1,0,0,NA,0.611999999999995,13,0,1,NA,0,0,1,1,0,673
85,87123,500,2,"gaussian","linesearch",0.001,10,0.01,5,0.01,2000,0.5,1,7,0,NA,2.103,60,1,0,0.00934443441616509,3,3,0,0,0,674
85,87123,500,2,"gaussian","fixed",0.001,5,0.005,2.5,0.01,2000,0.5,1,0,0,NA,0.633000000000003,18,0,1,NA,0,0,1,1,0,675
85,87123,500,2,"gaussian","linesearch",0.001,5,0.005,2.5,0.01,2000,0.5,1,7,0,NA,1.914,60,1,0,0.00934443441616509,2,2,0,0,0,676
85,87123,500,2,"gaussian","fixed",0.001,1,0.001,0.5,0.01,2000,0.5,1,0,0,NA,0.856999999999999,76,1,0,0.00908009922114736,0,0,1,1,0,677
85,87123,500,2,"gaussian","linesearch",0.001,1,0.001,0.5,0.01,2000,0.5,1,7,0,NA,1.855,76,1,0,0.00908009922114736,0,0,1,0,0,678
85,87123,500,2,"gaussian","fixed",0.001,0.2,2e-04,0.1,0.01,2000,0.5,1,0,0,NA,1.945,387,1,0,0.00985281954288736,0,0,1,1,0,679
85,87123,500,2,"gaussian","linesearch",0.001,0.2,2e-04,0.1,0.01,2000,0.5,1,7,0,NA,6.91300000000001,387,1,0,0.00985281954288736,0,0,1,0,0,680
86,88123,500,2,"gaussian","fixed",0.001,10,0.01,5,0.01,2000,0.5,1,0,0,NA,0.630000000000003,13,0,1,NA,0,0,1,1,0,681
86,88123,500,2,"gaussian","linesearch",0.001,10,0.01,5,0.01,2000,0.5,1,7,0,NA,2.153,58,1,0,0.00987247094102738,3,3,0,0,0,682
86,88123,500,2,"gaussian","fixed",0.001,5,0.005,2.5,0.01,2000,0.5,1,0,0,NA,0.641999999999996,17,0,1,NA,0,0,1,1,0,683
86,88123,500,2,"gaussian","linesearch",0.001,5,0.005,2.5,0.01,2000,0.5,1,7,0,NA,1.89899999999999,58,1,0,0.00987247094102738,2,2,0,0,0,684
86,88123,500,2,"gaussian","fixed",0.001,1,0.001,0.5,0.01,2000,0.5,1,0,0,NA,0.826999999999998,74,1,0,0.00911108320279624,0,0,1,1,0,685
86,88123,500,2,"gaussian","linesearch",0.001,1,0.001,0.5,0.01,2000,0.5,1,7,0,NA,1.776,74,1,0,0.00911108320279624,0,0,1,0,0,686
86,88123,500,2,"gaussian","fixed",0.001,0.2,2e-04,0.1,0.01,2000,0.5,1,0,0,NA,1.91500000000001,378,1,0,0.00982751993983311,0,0,1,1,0,687
86,88123,500,2,"gaussian","linesearch",0.001,0.2,2e-04,0.1,0.01,2000,0.5,1,7,0,NA,6.52300000000001,378,1,0,0.00982751993983311,0,0,1,0,0,688
87,89123,500,2,"gaussian","fixed",0.001,10,0.01,5,0.01,2000,0.5,1,0,0,NA,0.613,12,0,1,Inf,0,0,1,1,0,689
87,89123,500,2,"gaussian","linesearch",0.001,10,0.01,5,0.01,2000,0.5,1,7,0,NA,2.19,60,1,0,0.00912489347274918,3,3,0,0,0,690
87,89123,500,2,"gaussian","fixed",0.001,5,0.005,2.5,0.01,2000,0.5,1,0,0,NA,0.674999999999997,17,0,1,NA,0,0,1,1,0,691
87,89123,500,2,"gaussian","linesearch",0.001,5,0.005,2.5,0.01,2000,0.5,1,7,0,NA,2.484,60,1,0,0.00912489347274918,2,2,0,0,0,692
87,89123,500,2,"gaussian","fixed",0.001,1,0.001,0.5,0.01,2000,0.5,1,0,0,NA,0.829000000000001,75,1,0,0.00986893528275376,0,0,1,1,0,693
87,89123,500,2,"gaussian","linesearch",0.001,1,0.001,0.5,0.01,2000,0.5,1,7,0,NA,1.82899999999999,75,1,0,0.00986893528275376,0,0,1,0,0,694
87,89123,500,2,"gaussian","fixed",0.001,0.2,2e-04,0.1,0.01,2000,0.5,1,0,0,NA,2.00000000000001,387,1,0,0.00981791303992082,0,0,1,1,0,695
87,89123,500,2,"gaussian","linesearch",0.001,0.2,2e-04,0.1,0.01,2000,0.5,1,7,0,NA,6.84700000000001,387,1,0,0.00981791303992082,0,0,1,0,0,696
88,90123,500,2,"gaussian","fixed",0.001,10,0.01,5,0.01,2000,0.5,1,0,0,NA,0.616,12,0,1,NA,0,0,1,1,0,697
88,90123,500,2,"gaussian","linesearch",0.001,10,0.01,5,0.01,2000,0.5,1,7,0,NA,2.099,56,1,0,0.0093384727216515,3,3,0,0,0,698
88,90123,500,2,"gaussian","fixed",0.001,5,0.005,2.5,0.01,2000,0.5,1,0,0,NA,0.623000000000005,16,0,1,NA,0,0,1,1,0,699
88,90123,500,2,"gaussian","linesearch",0.001,5,0.005,2.5,0.01,2000,0.5,1,7,0,NA,1.881,56,1,0,0.0093384727216515,2,2,0,0,0,700
88,90123,500,2,"gaussian","fixed",0.001,1,0.001,0.5,0.01,2000,0.5,1,0,0,NA,0.825000000000003,71,1,0,0.00906570433064685,0,0,1,1,0,701
88,90123,500,2,"gaussian","linesearch",0.001,1,0.001,0.5,0.01,2000,0.5,1,7,0,NA,1.608,71,1,0,0.00906570433064685,0,0,1,0,0,702
88,90123,500,2,"gaussian","fixed",0.001,0.2,2e-04,0.1,0.01,2000,0.5,1,0,0,NA,2.00699999999999,362,1,0,0.00991851551583101,0,0,1,1,0,703
88,90123,500,2,"gaussian","linesearch",0.001,0.2,2e-04,0.1,0.01,2000,0.5,1,7,0,NA,6.56,362,1,0,0.00991851551583101,0,0,1,0,0,704
89,91123,500,2,"gaussian","fixed",0.001,10,0.01,5,0.01,2000,0.5,1,0,0,NA,0.628,12,0,1,NA,0,0,1,1,0,705
89,91123,500,2,"gaussian","linesearch",0.001,10,0.01,5,0.01,2000,0.5,1,7,0,NA,2.068,57,1,0,0.00983698812711414,3,3,0,0,0,706
89,91123,500,2,"gaussian","fixed",0.001,5,0.005,2.5,0.01,2000,0.5,1,0,0,NA,0.620000000000005,16,0,1,NA,0,0,1,1,0,707
89,91123,500,2,"gaussian","linesearch",0.001,5,0.005,2.5,0.01,2000,0.5,1,7,0,NA,1.859,57,1,0,0.00983698812711414,2,2,0,0,0,708
89,91123,500,2,"gaussian","fixed",0.001,1,0.001,0.5,0.01,2000,0.5,1,0,0,NA,0.817,72,1,0,0.00973224615509838,0,0,1,1,0,709
89,91123,500,2,"gaussian","linesearch",0.001,1,0.001,0.5,0.01,2000,0.5,1,7,0,NA,1.614,72,1,0,0.00973224615509838,0,0,1,0,0,710
89,91123,500,2,"gaussian","fixed",0.001,0.2,2e-04,0.1,0.01,2000,0.5,1,0,0,NA,1.99699999999999,369,1,0,0.00992758837192653,0,0,1,1,0,711
89,91123,500,2,"gaussian","linesearch",0.001,0.2,2e-04,0.1,0.01,2000,0.5,1,7,0,NA,6.491,369,1,0,0.00992758837192653,0,0,1,0,0,712
90,92123,500,2,"gaussian","fixed",0.001,10,0.01,5,0.01,2000,0.5,1,0,0,NA,0.616,12,0,1,Inf,0,0,1,1,0,713
90,92123,500,2,"gaussian","linesearch",0.001,10,0.01,5,0.01,2000,0.5,1,7,0,NA,2.51199999999999,61,1,0,0.00989112902983689,3,3,0,0,0,714
90,92123,500,2,"gaussian","fixed",0.001,5,0.005,2.5,0.01,2000,0.5,1,0,0,NA,0.623999999999995,16,0,1,NA,0,0,1,1,0,715
90,92123,500,2,"gaussian","linesearch",0.001,5,0.005,2.5,0.01,2000,0.5,1,7,0,NA,2.001,61,1,0,0.00989112902983689,2,2,0,0,0,716
90,92123,500,2,"gaussian","fixed",0.001,1,0.001,0.5,0.01,2000,0.5,1,0,0,NA,0.869999999999997,77,1,0,0.00982468201473729,0,0,1,1,0,717
90,92123,500,2,"gaussian","linesearch",0.001,1,0.001,0.5,0.01,2000,0.5,1,7,0,NA,1.924,77,1,0,0.00982468201473729,0,0,1,0,0,718
90,92123,500,2,"gaussian","fixed",0.001,0.2,2e-04,0.1,0.01,2000,0.5,1,0,0,NA,2.03299999999999,395,1,0,0.0099463682324544,0,0,1,1,0,719
90,92123,500,2,"gaussian","linesearch",0.001,0.2,2e-04,0.1,0.01,2000,0.5,1,7,0,NA,7.139,395,1,0,0.0099463682324544,0,0,1,0,0,720
91,93123,500,2,"gaussian","fixed",0.001,10,0.01,5,0.01,2000,0.5,1,0,0,NA,0.609999999999999,12,0,1,NA,0,0,1,1,0,721
91,93123,500,2,"gaussian","linesearch",0.001,10,0.01,5,0.01,2000,0.5,1,7,0,NA,2.2,57,1,0,0.0089701941242038,3,3,0,0,0,722
91,93123,500,2,"gaussian","fixed",0.001,5,0.005,2.5,0.01,2000,0.5,1,0,0,NA,0.621000000000002,16,0,1,Inf,0,0,1,1,0,723
91,93123,500,2,"gaussian","linesearch",0.001,5,0.005,2.5,0.01,2000,0.5,1,7,0,NA,1.89700000000001,57,1,0,0.0089701941242038,2,2,0,0,0,724
91,93123,500,2,"gaussian","fixed",0.001,1,0.001,0.5,0.01,2000,0.5,1,0,0,NA,0.783999999999999,71,1,0,0.00985531525097279,0,0,1,1,0,725
91,93123,500,2,"gaussian","linesearch",0.001,1,0.001,0.5,0.01,2000,0.5,1,7,0,NA,1.753,71,1,0,0.00985531525097279,0,0,1,0,0,726
91,93123,500,2,"gaussian","fixed",0.001,0.2,2e-04,0.1,0.01,2000,0.5,1,0,0,NA,1.864,365,1,0,0.00994705731984612,0,0,1,1,0,727
91,93123,500,2,"gaussian","linesearch",0.001,0.2,2e-04,0.1,0.01,2000,0.5,1,7,0,NA,7.563,365,1,0,0.00994705731984612,0,0,1,0,0,728
92,94123,500,2,"gaussian","fixed",0.001,10,0.01,5,0.01,2000,0.5,1,0,0,NA,0.611999999999995,13,0,1,NA,0,0,1,1,0,729
92,94123,500,2,"gaussian","linesearch",0.001,10,0.01,5,0.01,2000,0.5,1,7,0,NA,2.276,58,1,0,0.00923904038214629,3,3,0,0,0,730
92,94123,500,2,"gaussian","fixed",0.001,5,0.005,2.5,0.01,2000,0.5,1,0,0,NA,0.626000000000005,18,0,1,NA,0,0,1,1,0,731
92,94123,500,2,"gaussian","linesearch",0.001,5,0.005,2.5,0.01,2000,0.5,1,7,0,NA,1.921,58,1,0,0.00923904038214629,2,2,0,0,0,732
92,94123,500,2,"gaussian","fixed",0.001,1,0.001,0.5,0.01,2000,0.5,1,0,0,NA,0.859000000000002,73,1,0,0.00948589130369537,0,0,1,1,0,733
92,94123,500,2,"gaussian","linesearch",0.001,1,0.001,0.5,0.01,2000,0.5,1,7,0,NA,1.968,73,1,0,0.00948589130369537,0,0,1,0,0,734
92,94123,500,2,"gaussian","fixed",0.001,0.2,2e-04,0.1,0.01,2000,0.5,1,0,0,NA,1.879,375,1,0,0.00981616604675795,0,0,1,1,0,735
92,94123,500,2,"gaussian","linesearch",0.001,0.2,2e-04,0.1,0.01,2000,0.5,1,7,0,NA,6.28899999999999,375,1,0,0.00981616604675795,0,0,1,0,0,736
93,95123,500,2,"gaussian","fixed",0.001,10,0.01,5,0.01,2000,0.5,1,0,0,NA,0.613999999999997,12,0,1,Inf,0,0,1,1,0,737
93,95123,500,2,"gaussian","linesearch",0.001,10,0.01,5,0.01,2000,0.5,1,7,0,NA,2.12,59,1,0,0.00902979456537101,3,3,0,0,0,738
93,95123,500,2,"gaussian","fixed",0.001,5,0.005,2.5,0.01,2000,0.5,1,0,0,NA,0.623999999999995,16,0,1,NA,0,0,1,1,0,739
93,95123,500,2,"gaussian","linesearch",0.001,5,0.005,2.5,0.01,2000,0.5,1,7,0,NA,1.917,59,1,0,0.00902979456537101,2,2,0,0,0,740
93,95123,500,2,"gaussian","fixed",0.001,1,0.001,0.5,0.01,2000,0.5,1,0,0,NA,0.832000000000001,74,1,0,0.00938228293530224,0,0,1,1,0,741
93,95123,500,2,"gaussian","linesearch",0.001,1,0.001,0.5,0.01,2000,0.5,1,7,0,NA,1.583,74,1,0,0.00938228293530224,0,0,1,0,0,742
93,95123,500,2,"gaussian","fixed",0.001,0.2,2e-04,0.1,0.01,2000,0.5,1,0,0,NA,1.904,377,1,0,0.00994335145097813,0,0,1,1,0,743
93,95123,500,2,"gaussian","linesearch",0.001,0.2,2e-04,0.1,0.01,2000,0.5,1,7,0,NA,6.386,377,1,0,0.00994335145097813,0,0,1,0,0,744
94,96123,500,2,"gaussian","fixed",0.001,10,0.01,5,0.01,2000,0.5,1,0,0,NA,0.609000000000002,12,0,1,Inf,0,0,1,1,0,745
94,96123,500,2,"gaussian","linesearch",0.001,10,0.01,5,0.01,2000,0.5,1,7,0,NA,2.276,56,1,0,0.00894279390468214,3,3,0,0,0,746
94,96123,500,2,"gaussian","fixed",0.001,5,0.005,2.5,0.01,2000,0.5,1,0,0,NA,0.619999999999997,16,0,1,NA,0,0,1,1,0,747
94,96123,500,2,"gaussian","linesearch",0.001,5,0.005,2.5,0.01,2000,0.5,1,7,0,NA,2.069,56,1,0,0.00894279390468214,2,2,0,0,0,748
94,96123,500,2,"gaussian","fixed",0.001,1,0.001,0.5,0.01,2000,0.5,1,0,0,NA,0.786000000000001,70,1,0,0.00953104300531391,0,0,1,1,0,749
94,96123,500,2,"gaussian","linesearch",0.001,1,0.001,0.5,0.01,2000,0.5,1,7,0,NA,1.64899999999999,70,1,0,0.00953104300531391,0,0,1,0,0,750
94,96123,500,2,"gaussian","fixed",0.001,0.2,2e-04,0.1,0.01,2000,0.5,1,0,0,NA,1.858,358,1,0,0.00990653899483829,0,0,1,1,0,751
94,96123,500,2,"gaussian","linesearch",0.001,0.2,2e-04,0.1,0.01,2000,0.5,1,7,0,NA,7.395,358,1,0,0.00990653899483829,0,0,1,0,0,752
95,97123,500,2,"gaussian","fixed",0.001,10,0.01,5,0.01,2000,0.5,1,0,0,NA,0.615000000000002,13,0,1,NA,0,0,1,1,0,753
95,97123,500,2,"gaussian","linesearch",0.001,10,0.01,5,0.01,2000,0.5,1,7,0,NA,2.416,61,1,0,0.00888090213569215,3,3,0,0,0,754
95,97123,500,2,"gaussian","fixed",0.001,5,0.005,2.5,0.01,2000,0.5,1,0,0,NA,0.627000000000002,17,0,1,NA,0,0,1,1,0,755
95,97123,500,2,"gaussian","linesearch",0.001,5,0.005,2.5,0.01,2000,0.5,1,7,0,NA,2.182,61,1,0,0.00888090213569215,2,2,0,0,0,756
95,97123,500,2,"gaussian","fixed",0.001,1,0.001,0.5,0.01,2000,0.5,1,0,0,NA,0.870999999999995,76,1,0,0.0099021564687527,0,0,1,1,0,757
95,97123,500,2,"gaussian","linesearch",0.001,1,0.001,0.5,0.01,2000,0.5,1,7,0,NA,1.848,76,1,0,0.0099021564687527,0,0,1,0,0,758
95,97123,500,2,"gaussian","fixed",0.001,0.2,2e-04,0.1,0.01,2000,0.5,1,0,0,NA,2.02800000000001,392,1,0,0.00992972424233762,0,0,1,1,0,759
95,97123,500,2,"gaussian","linesearch",0.001,0.2,2e-04,0.1,0.01,2000,0.5,1,7,0,NA,6.99000000000001,392,1,0,0.00992972424233762,0,0,1,0,0,760
96,98123,500,2,"gaussian","fixed",0.001,10,0.01,5,0.01,2000,0.5,1,0,0,NA,0.652999999999999,13,0,1,NA,0,0,1,1,0,761
96,98123,500,2,"gaussian","linesearch",0.001,10,0.01,5,0.01,2000,0.5,1,7,0,NA,2.101,56,1,0,0.00953291504367312,3,3,0,0,0,762
96,98123,500,2,"gaussian","fixed",0.001,5,0.005,2.5,0.01,2000,0.5,1,0,0,NA,0.627999999999993,17,0,1,NA,0,0,1,1,0,763
96,98123,500,2,"gaussian","linesearch",0.001,5,0.005,2.5,0.01,2000,0.5,1,7,0,NA,2.453,56,1,0,0.00953291504367312,2,2,0,0,0,764
96,98123,500,2,"gaussian","fixed",0.001,1,0.001,0.5,0.01,2000,0.5,1,0,0,NA,0.820999999999998,71,1,0,0.00925055054081966,0,0,1,1,0,765
96,98123,500,2,"gaussian","linesearch",0.001,1,0.001,0.5,0.01,2000,0.5,1,7,0,NA,1.831,71,1,0,0.00925055054081966,0,0,1,0,0,766
96,98123,500,2,"gaussian","fixed",0.001,0.2,2e-04,0.1,0.01,2000,0.5,1,0,0,NA,1.86,363,1,0,0.00989567667498018,0,0,1,1,0,767
96,98123,500,2,"gaussian","linesearch",0.001,0.2,2e-04,0.1,0.01,2000,0.5,1,7,0,NA,6.127,363,1,0,0.00989567667498018,0,0,1,0,0,768
97,99123,500,2,"gaussian","fixed",0.001,10,0.01,5,0.01,2000,0.5,1,0,0,NA,0.651000000000003,13,0,1,NA,0,0,1,1,0,769
97,99123,500,2,"gaussian","linesearch",0.001,10,0.01,5,0.01,2000,0.5,1,7,0,NA,2.505,57,1,0,0.00896094148576143,3,3,0,0,0,770
97,99123,500,2,"gaussian","fixed",0.001,5,0.005,2.5,0.01,2000,0.5,1,0,0,NA,0.632999999999996,18,0,1,Inf,0,0,1,1,0,771
97,99123,500,2,"gaussian","linesearch",0.001,5,0.005,2.5,0.01,2000,0.5,1,7,0,NA,2.50800000000001,57,1,0,0.00896094148576143,2,2,0,0,0,772
97,99123,500,2,"gaussian","fixed",0.001,1,0.001,0.5,0.01,2000,0.5,1,0,0,NA,0.810000000000002,71,1,0,0.00994303627224458,0,0,1,1,0,773
97,99123,500,2,"gaussian","linesearch",0.001,1,0.001,0.5,0.01,2000,0.5,1,7,0,NA,1.845,71,1,0,0.00994303627224458,0,0,1,0,0,774
97,99123,500,2,"gaussian","fixed",0.001,0.2,2e-04,0.1,0.01,2000,0.5,1,0,0,NA,1.842,367,1,0,0.00982044832741968,0,0,1,1,0,775
97,99123,500,2,"gaussian","linesearch",0.001,0.2,2e-04,0.1,0.01,2000,0.5,1,7,0,NA,6.14999999999999,367,1,0,0.00982044832741968,0,0,1,0,0,776
98,100123,500,2,"gaussian","fixed",0.001,10,0.01,5,0.01,2000,0.5,1,0,0,NA,0.646999999999998,13,0,1,NA,0,0,1,1,0,777
98,100123,500,2,"gaussian","linesearch",0.001,10,0.01,5,0.01,2000,0.5,1,7,0,NA,2.615,63,1,0,0.00902462568542468,3,3,0,0,0,778
98,100123,500,2,"gaussian","fixed",0.001,5,0.005,2.5,0.01,2000,0.5,1,0,0,NA,0.633000000000003,18,0,1,NA,0,0,1,1,0,779
98,100123,500,2,"gaussian","linesearch",0.001,5,0.005,2.5,0.01,2000,0.5,1,7,0,NA,2.05,63,1,0,0.00902462568542468,2,2,0,0,0,780
98,100123,500,2,"gaussian","fixed",0.001,1,0.001,0.5,0.01,2000,0.5,1,0,0,NA,0.869,79,1,0,0.00950814835030308,0,0,1,1,0,781
98,100123,500,2,"gaussian","linesearch",0.001,1,0.001,0.5,0.01,2000,0.5,1,7,0,NA,1.794,79,1,0,0.00950814835030308,0,0,1,0,0,782
98,100123,500,2,"gaussian","fixed",0.001,0.2,2e-04,0.1,0.01,2000,0.5,1,0,0,NA,2.08800000000001,405,1,0,0.00988586613881569,0,0,1,1,0,783
98,100123,500,2,"gaussian","linesearch",0.001,0.2,2e-04,0.1,0.01,2000,0.5,1,7,0,NA,6.14800000000001,405,1,0,0.00988586613881569,0,0,1,0,0,784
99,101123,500,2,"gaussian","fixed",0.001,10,0.01,5,0.01,2000,0.5,1,0,0,NA,0.643999999999998,12,0,1,Inf,0,0,1,1,0,785
99,101123,500,2,"gaussian","linesearch",0.001,10,0.01,5,0.01,2000,0.5,1,7,0,NA,2.371,59,1,0,0.00956804655678778,3,3,0,0,0,786
99,101123,500,2,"gaussian","fixed",0.001,5,0.005,2.5,0.01,2000,0.5,1,0,0,NA,0.626000000000005,16,0,1,NA,0,0,1,1,0,787
99,101123,500,2,"gaussian","linesearch",0.001,5,0.005,2.5,0.01,2000,0.5,1,7,0,NA,2.02499999999999,59,1,0,0.00956804655678778,2,2,0,0,0,788
99,101123,500,2,"gaussian","fixed",0.001,1,0.001,0.5,0.01,2000,0.5,1,0,0,NA,0.85199999999999,75,1,0,0.00908681000251388,0,0,1,1,0,789
99,101123,500,2,"gaussian","linesearch",0.001,1,0.001,0.5,0.01,2000,0.5,1,7,0,NA,1.65900000000001,75,1,0,0.00908681000251388,0,0,1,0,0,790
99,101123,500,2,"gaussian","fixed",0.001,0.2,2e-04,0.1,0.01,2000,0.5,1,0,0,NA,1.86200000000001,383,1,0,0.00983801302644494,0,0,1,1,0,791
99,101123,500,2,"gaussian","linesearch",0.001,0.2,2e-04,0.1,0.01,2000,0.5,1,7,0,NA,11.669,383,1,0,0.00983801302644494,0,0,1,0,0,792
100,102123,500,2,"gaussian","fixed",0.001,10,0.01,5,0.01,2000,0.5,1,0,0,NA,0.609999999999999,12,0,1,Inf,0,0,1,1,0,793
100,102123,500,2,"gaussian","linesearch",0.001,10,0.01,5,0.01,2000,0.5,1,7,0,NA,2.06399999999999,56,1,0,0.00984729695621067,3,3,0,0,0,794
100,102123,500,2,"gaussian","fixed",0.001,5,0.005,2.5,0.01,2000,0.5,1,0,0,NA,0.623999999999995,16,0,1,Inf,0,0,1,1,0,795
100,102123,500,2,"gaussian","linesearch",0.001,5,0.005,2.5,0.01,2000,0.5,1,7,0,NA,2.003,56,1,0,0.00984729695621067,2,2,0,0,0,796
100,102123,500,2,"gaussian","fixed",0.001,1,0.001,0.5,0.01,2000,0.5,1,0,0,NA,0.811999999999998,71,1,0,0.0095596076915338,0,0,1,1,0,797
100,102123,500,2,"gaussian","linesearch",0.001,1,0.001,0.5,0.01,2000,0.5,1,7,0,NA,1.81200000000001,71,1,0,0.0095596076915338,0,0,1,0,0,798
100,102123,500,2,"gaussian","fixed",0.001,0.2,2e-04,0.1,0.01,2000,0.5,1,0,0,NA,1.93900000000001,365,1,0,0.00983104827634135,0,0,1,1,0,799
100,102123,500,2,"gaussian","linesearch",0.001,0.2,2e-04,0.1,0.01,2000,0.5,1,7,0,NA,9.012,365,1,0,0.00983104827634135,0,0,1,0,0,800
