"iter","loglik","score_max_abs","finite_score","bt","eta_used","ls_ok","seed","n","k","family","method","eta0","eta_mult","eta_label","eta_init","eta_times_n","case"
1,-249216.477593322,142.446139040129,1,NA,NA,NA,123,1000,2,"gaussian","fixed",5e-04,10,"10*eta0",0.005,5,"fixed | 10*eta0"
2,-256340.99708862,392.564948679926,1,0,0.005,1,123,1000,2,"gaussian","fixed",5e-04,10,"10*eta0",0.005,5,"fixed | 10*eta0"
3,-379276.437652245,1649.97375157276,1,0,0.005,1,123,1000,2,"gaussian","fixed",5e-04,10,"10*eta0",0.005,5,"fixed | 10*eta0"
4,-2684738.70805486,7335.97980677365,1,0,0.005,1,123,1000,2,"gaussian","fixed",5e-04,10,"10*eta0",0.005,5,"fixed | 10*eta0"
5,-68758325.8393524,36037.2488760498,1,0,0.005,1,123,1000,2,"gaussian","fixed",5e-04,10,"10*eta0",0.005,5,"fixed | 10*eta0"
6,-3495049801.62916,204622.560745431,1,0,0.005,1,123,1000,2,"gaussian","fixed",5e-04,10,"10*eta0",0.005,5,"fixed | 10*eta0"
7,-249946938087.419,1363342.40254371,1,0,0.005,1,123,1000,2,"gaussian","fixed",5e-04,10,"10*eta0",0.005,5,"fixed | 10*eta0"
8,-19683291292765.1,10356376.5223037,1,0,0.005,1,123,1000,2,"gaussian","fixed",5e-04,10,"10*eta0",0.005,5,"fixed | 10*eta0"
9,-1656010031592602,14534711882.6417,1,0,0.005,1,123,1000,2,"gaussian","fixed",5e-04,10,"10*eta0",0.005,5,"fixed | 10*eta0"
10,-1.26382796993718e+33,4.03621447458655e+24,1,0,0.005,1,123,1000,2,"gaussian","fixed",5e-04,10,"10*eta0",0.005,5,"fixed | 10*eta0"
11,-1.38016213175781e+91,1.4876362451544e+68,1,0,0.005,1,123,1000,2,"gaussian","fixed",5e-04,10,"10*eta0",0.005,5,"fixed | 10*eta0"
12,-2.52567370496027e+265,6.96704706075774e+198,1,0,0.005,1,123,1000,2,"gaussian","fixed",5e-04,10,"10*eta0",0.005,5,"fixed | 10*eta0"
13,-Inf,NA,0,0,0.005,1,123,1000,2,"gaussian","fixed",5e-04,10,"10*eta0",0.005,5,"fixed | 10*eta0"
1,-249216.477593322,142.446139040129,1,NA,NA,NA,123,1000,2,"gaussian","linesearch",5e-04,10,"10*eta0",0.005,5,"linesearch | 10*eta0"
2,-248492.701758326,120.699185250238,1,3,0.000625,1,123,1000,2,"gaussian","linesearch",5e-04,10,"10*eta0",0.005,5,"linesearch | 10*eta0"
3,-248236.745672031,101.431809003319,1,3,0.000625,1,123,1000,2,"gaussian","linesearch",5e-04,10,"10*eta0",0.005,5,"linesearch | 10*eta0"
4,-248100.741528178,84.7921338431691,1,3,0.000625,1,123,1000,2,"gaussian","linesearch",5e-04,10,"10*eta0",0.005,5,"linesearch | 10*eta0"
5,-248016.01539638,70.6781495784311,1,3,0.000625,1,123,1000,2,"gaussian","linesearch",5e-04,10,"10*eta0",0.005,5,"linesearch | 10*eta0"
6,-247960.490576579,58.8469943653293,1,3,0.000625,1,123,1000,2,"gaussian","linesearch",5e-04,10,"10*eta0",0.005,5,"linesearch | 10*eta0"
7,-247923.284637816,49.0011247812687,1,3,0.000625,1,123,1000,2,"gaussian","linesearch",5e-04,10,"10*eta0",0.005,5,"linesearch | 10*eta0"
8,-247897.974933093,40.8394707750784,1,3,0.000625,1,123,1000,2,"gaussian","linesearch",5e-04,10,"10*eta0",0.005,5,"linesearch | 10*eta0"
9,-247880.545548393,34.084683656784,1,3,0.000625,1,123,1000,2,"gaussian","linesearch",5e-04,10,"10*eta0",0.005,5,"linesearch | 10*eta0"
10,-247868.420004783,28.4943145869685,1,3,0.000625,1,123,1000,2,"gaussian","linesearch",5e-04,10,"10*eta0",0.005,5,"linesearch | 10*eta0"
11,-247859.913415195,23.8629638965793,1,3,0.000625,1,123,1000,2,"gaussian","linesearch",5e-04,10,"10*eta0",0.005,5,"linesearch | 10*eta0"
12,-247853.904914139,20.0198617297962,1,3,0.000625,1,123,1000,2,"gaussian","linesearch",5e-04,10,"10*eta0",0.005,5,"linesearch | 10*eta0"
13,-247849.637363327,16.8245771184401,1,3,0.000625,1,123,1000,2,"gaussian","linesearch",5e-04,10,"10*eta0",0.005,5,"linesearch | 10*eta0"
14,-247846.592566053,14.1622992195287,1,3,0.000625,1,123,1000,2,"gaussian","linesearch",5e-04,10,"10*eta0",0.005,5,"linesearch | 10*eta0"
15,-247844.411977508,11.9393919693493,1,3,0.000625,1,123,1000,2,"gaussian","linesearch",5e-04,10,"10*eta0",0.005,5,"linesearch | 10*eta0"
16,-247842.845311689,10.0795042921649,1,3,0.000625,1,123,1000,2,"gaussian","linesearch",5e-04,10,"10*eta0",0.005,5,"linesearch | 10*eta0"
17,-247841.716603252,8.5203018631392,1,3,0.000625,1,123,1000,2,"gaussian","linesearch",5e-04,10,"10*eta0",0.005,5,"linesearch | 10*eta0"
18,-247840.901424331,7.21078478157798,1,3,0.000625,1,123,1000,2,"gaussian","linesearch",5e-04,10,"10*eta0",0.005,5,"linesearch | 10*eta0"
19,-247840.311376085,6.1091156498479,1,3,0.000625,1,123,1000,2,"gaussian","linesearch",5e-04,10,"10*eta0",0.005,5,"linesearch | 10*eta0"
20,-247839.88341133,5.18087366993347,1,3,0.000625,1,123,1000,2,"gaussian","linesearch",5e-04,10,"10*eta0",0.005,5,"linesearch | 10*eta0"
21,-247839.572415511,4.39765566490632,1,3,0.000625,1,123,1000,2,"gaussian","linesearch",5e-04,10,"10*eta0",0.005,5,"linesearch | 10*eta0"
22,-247839.346013776,3.73595561327435,1,3,0.000625,1,123,1000,2,"gaussian","linesearch",5e-04,10,"10*eta0",0.005,5,"linesearch | 10*eta0"
23,-247839.180914612,3.1762660374863,1,3,0.000625,1,123,1000,2,"gaussian","linesearch",5e-04,10,"10*eta0",0.005,5,"linesearch | 10*eta0"
24,-247839.060322928,2.70235548788383,1,3,0.000625,1,123,1000,2,"gaussian","linesearch",5e-04,10,"10*eta0",0.005,5,"linesearch | 10*eta0"
25,-247838.972102588,2.30068570706893,1,3,0.000625,1,123,1000,2,"gaussian","linesearch",5e-04,10,"10*eta0",0.005,5,"linesearch | 10*eta0"
26,-247838.907466692,1.95993973272296,1,3,0.000625,1,123,1000,2,"gaussian","linesearch",5e-04,10,"10*eta0",0.005,5,"linesearch | 10*eta0"
27,-247838.860041486,1.67063834167843,1,3,0.000625,1,123,1000,2,"gaussian","linesearch",5e-04,10,"10*eta0",0.005,5,"linesearch | 10*eta0"
28,-247838.82519547,1.42482708588564,1,3,0.000625,1,123,1000,2,"gaussian","linesearch",5e-04,10,"10*eta0",0.005,5,"linesearch | 10*eta0"
29,-247838.79955738,1.21581996301181,1,3,0.000625,1,123,1000,2,"gaussian","linesearch",5e-04,10,"10*eta0",0.005,5,"linesearch | 10*eta0"
30,-247838.780669359,1.03798871805067,1,3,0.000625,1,123,1000,2,"gaussian","linesearch",5e-04,10,"10*eta0",0.005,5,"linesearch | 10*eta0"
31,-247838.766736613,0.886589069970301,1,3,0.000625,1,123,1000,2,"gaussian","linesearch",5e-04,10,"10*eta0",0.005,5,"linesearch | 10*eta0"
32,-247838.756446534,0.757616946332403,1,3,0.000625,1,123,1000,2,"gaussian","linesearch",5e-04,10,"10*eta0",0.005,5,"linesearch | 10*eta0"
33,-247838.74883777,0.647689204979601,1,3,0.000625,1,123,1000,2,"gaussian","linesearch",5e-04,10,"10*eta0",0.005,5,"linesearch | 10*eta0"
34,-247838.743205199,0.553944415370054,1,3,0.000625,1,123,1000,2,"gaussian","linesearch",5e-04,10,"10*eta0",0.005,5,"linesearch | 10*eta0"
35,-247838.739030953,0.473960132216882,1,3,0.000625,1,123,1000,2,"gaussian","linesearch",5e-04,10,"10*eta0",0.005,5,"linesearch | 10*eta0"
36,-247838.735934163,0.405683773805394,1,3,0.000625,1,123,1000,2,"gaussian","linesearch",5e-04,10,"10*eta0",0.005,5,"linesearch | 10*eta0"
37,-247838.73363433,0.34737475723942,1,3,0.000625,1,123,1000,2,"gaussian","linesearch",5e-04,10,"10*eta0",0.005,5,"linesearch | 10*eta0"
38,-247838.731924664,0.29755597386806,1,3,0.000625,1,123,1000,2,"gaussian","linesearch",5e-04,10,"10*eta0",0.005,5,"linesearch | 10*eta0"
39,-247838.730652503,0.254973033973541,1,3,0.000625,1,123,1000,2,"gaussian","linesearch",5e-04,10,"10*eta0",0.005,5,"linesearch | 10*eta0"
40,-247838.729704998,0.218559988645349,1,3,0.000625,1,123,1000,2,"gaussian","linesearch",5e-04,10,"10*eta0",0.005,5,"linesearch | 10*eta0"
41,-247838.728998674,0.18741046266324,1,3,0.000625,1,123,1000,2,"gaussian","linesearch",5e-04,10,"10*eta0",0.005,5,"linesearch | 10*eta0"
42,-247838.728471669,0.160753316013783,1,3,0.000625,1,123,1000,2,"gaussian","linesearch",5e-04,10,"10*eta0",0.005,5,"linesearch | 10*eta0"
43,-247838.728078143,0.137932101831106,1,3,0.000625,1,123,1000,2,"gaussian","linesearch",5e-04,10,"10*eta0",0.005,5,"linesearch | 10*eta0"
44,-247838.727784052,0.118387711700072,1,3,0.000625,1,123,1000,2,"gaussian","linesearch",5e-04,10,"10*eta0",0.005,5,"linesearch | 10*eta0"
45,-247838.727564092,0.101643700597592,1,3,0.000625,1,123,1000,2,"gaussian","linesearch",5e-04,10,"10*eta0",0.005,5,"linesearch | 10*eta0"
46,-247838.727399456,0.0872938673971885,1,3,0.000625,1,123,1000,2,"gaussian","linesearch",5e-04,10,"10*eta0",0.005,5,"linesearch | 10*eta0"
47,-247838.727276137,0.0749917361091329,1,3,0.000625,1,123,1000,2,"gaussian","linesearch",5e-04,10,"10*eta0",0.005,5,"linesearch | 10*eta0"
48,-247838.727183714,0.0644416404952075,1,3,0.000625,1,123,1000,2,"gaussian","linesearch",5e-04,10,"10*eta0",0.005,5,"linesearch | 10*eta0"
49,-247838.727114379,0.0553911625004354,1,3,0.000625,1,123,1000,2,"gaussian","linesearch",5e-04,10,"10*eta0",0.005,5,"linesearch | 10*eta0"
50,-247838.727062344,0.0476247147887866,1,3,0.000625,1,123,1000,2,"gaussian","linesearch",5e-04,10,"10*eta0",0.005,5,"linesearch | 10*eta0"
51,-247838.727023258,0.0409580909451959,1,3,0.000625,1,123,1000,2,"gaussian","linesearch",5e-04,10,"10*eta0",0.005,5,"linesearch | 10*eta0"
52,-247838.726993888,0.0352338347379833,1,3,0.000625,1,123,1000,2,"gaussian","linesearch",5e-04,10,"10*eta0",0.005,5,"linesearch | 10*eta0"
53,-247838.72697181,0.0303173031553666,1,3,0.000625,1,123,1000,2,"gaussian","linesearch",5e-04,10,"10*eta0",0.005,5,"linesearch | 10*eta0"
54,-247838.726955203,0.026093317488968,1,3,0.000625,1,123,1000,2,"gaussian","linesearch",5e-04,10,"10*eta0",0.005,5,"linesearch | 10*eta0"
55,-247838.726942692,0.0224633131700405,1,3,0.000625,1,123,1000,2,"gaussian","linesearch",5e-04,10,"10*eta0",0.005,5,"linesearch | 10*eta0"
56,-247838.726933277,0.019342912879829,1,3,0.000625,1,123,1000,2,"gaussian","linesearch",5e-04,10,"10*eta0",0.005,5,"linesearch | 10*eta0"
57,-247838.726926178,0.0166598590865814,1,3,0.000625,1,123,1000,2,"gaussian","linesearch",5e-04,10,"10*eta0",0.005,5,"linesearch | 10*eta0"
58,-247838.726920814,0.014352251963682,1,3,0.000625,1,123,1000,2,"gaussian","linesearch",5e-04,10,"10*eta0",0.005,5,"linesearch | 10*eta0"
59,-247838.726916788,0.0123670469070937,1,3,0.000625,1,123,1000,2,"gaussian","linesearch",5e-04,10,"10*eta0",0.005,5,"linesearch | 10*eta0"
60,-247838.726913747,0.0106587728489305,1,3,0.000625,1,123,1000,2,"gaussian","linesearch",5e-04,10,"10*eta0",0.005,5,"linesearch | 10*eta0"
61,-247838.726911436,0.00918843845691094,1,3,0.000625,1,123,1000,2,"gaussian","linesearch",5e-04,10,"10*eta0",0.005,5,"linesearch | 10*eta0"
1,-249216.477593322,142.446139040129,1,NA,NA,NA,123,1000,2,"gaussian","fixed",5e-04,5,"5*eta0",0.0025,2.5,"fixed | 5*eta0"
2,-249050.99785299,148.246369456888,1,0,0.0025,1,123,1000,2,"gaussian","fixed",5e-04,5,"5*eta0",0.0025,2.5,"fixed | 5*eta0"
3,-250521.409930682,240.220246209583,1,0,0.0025,1,123,1000,2,"gaussian","fixed",5e-04,5,"5*eta0",0.0025,2.5,"fixed | 5*eta0"
4,-256833.590501095,433.393675090323,1,0,0.0025,1,123,1000,2,"gaussian","fixed",5e-04,5,"5*eta0",0.0025,2.5,"fixed | 5*eta0"
5,-316314.787585872,944.625670999799,1,0,0.0025,1,123,1000,2,"gaussian","fixed",5e-04,5,"5*eta0",0.0025,2.5,"fixed | 5*eta0"
6,-1172994.67315182,2597.53648655231,1,0,0.0025,1,123,1000,2,"gaussian","fixed",5e-04,5,"5*eta0",0.0025,2.5,"fixed | 5*eta0"
7,-14638518.1885693,8618.68036975495,1,0,0.0025,1,123,1000,2,"gaussian","fixed",5e-04,5,"5*eta0",0.0025,2.5,"fixed | 5*eta0"
8,-229086016.254516,31802.7170300828,1,0,0.0025,1,123,1000,2,"gaussian","fixed",5e-04,5,"5*eta0",0.0025,2.5,"fixed | 5*eta0"
9,-3650644457.6577,123121.69492213,1,0,0.0025,1,123,1000,2,"gaussian","fixed",5e-04,5,"5*eta0",0.0025,2.5,"fixed | 5*eta0"
10,-58256584867.6129,485995.834535906,1,0,0.0025,1,123,1000,2,"gaussian","fixed",5e-04,5,"5*eta0",0.0025,2.5,"fixed | 5*eta0"
11,-929763768037.85,1932770.57152859,1,0,0.0025,1,123,1000,2,"gaussian","fixed",5e-04,5,"5*eta0",0.0025,2.5,"fixed | 5*eta0"
12,-14839089832420.2,7708291.18740703,1,0,0.0025,1,123,1000,2,"gaussian","fixed",5e-04,5,"5*eta0",0.0025,2.5,"fixed | 5*eta0"
13,-256955056782917,1562413977.99924,1,0,0.0025,1,123,1000,2,"gaussian","fixed",5e-04,5,"5*eta0",0.0025,2.5,"fixed | 5*eta0"
14,-1.27882478205902e+30,5.96259111661613e+21,1,0,0.0025,1,123,1000,2,"gaussian","fixed",5e-04,5,"5*eta0",0.0025,2.5,"fixed | 5*eta0"
15,-3.29564940985819e+80,3.89991691969905e+59,1,0,0.0025,1,123,1000,2,"gaussian","fixed",5e-04,5,"5*eta0",0.0025,2.5,"fixed | 5*eta0"
16,-6.30999819274043e+231,1.35962797667178e+173,1,0,0.0025,1,123,1000,2,"gaussian","fixed",5e-04,5,"5*eta0",0.0025,2.5,"fixed | 5*eta0"
17,-Inf,NA,0,0,0.0025,1,123,1000,2,"gaussian","fixed",5e-04,5,"5*eta0",0.0025,2.5,"fixed | 5*eta0"
1,-249216.477593322,142.446139040129,1,NA,NA,NA,123,1000,2,"gaussian","linesearch",5e-04,5,"5*eta0",0.0025,2.5,"linesearch | 5*eta0"
2,-248492.701758326,120.699185250238,1,2,0.000625,1,123,1000,2,"gaussian","linesearch",5e-04,5,"5*eta0",0.0025,2.5,"linesearch | 5*eta0"
3,-248236.745672031,101.431809003319,1,2,0.000625,1,123,1000,2,"gaussian","linesearch",5e-04,5,"5*eta0",0.0025,2.5,"linesearch | 5*eta0"
4,-248100.741528178,84.7921338431691,1,2,0.000625,1,123,1000,2,"gaussian","linesearch",5e-04,5,"5*eta0",0.0025,2.5,"linesearch | 5*eta0"
5,-248016.01539638,70.6781495784311,1,2,0.000625,1,123,1000,2,"gaussian","linesearch",5e-04,5,"5*eta0",0.0025,2.5,"linesearch | 5*eta0"
6,-247960.490576579,58.8469943653293,1,2,0.000625,1,123,1000,2,"gaussian","linesearch",5e-04,5,"5*eta0",0.0025,2.5,"linesearch | 5*eta0"
7,-247923.284637816,49.0011247812687,1,2,0.000625,1,123,1000,2,"gaussian","linesearch",5e-04,5,"5*eta0",0.0025,2.5,"linesearch | 5*eta0"
8,-247897.974933093,40.8394707750784,1,2,0.000625,1,123,1000,2,"gaussian","linesearch",5e-04,5,"5*eta0",0.0025,2.5,"linesearch | 5*eta0"
9,-247880.545548393,34.084683656784,1,2,0.000625,1,123,1000,2,"gaussian","linesearch",5e-04,5,"5*eta0",0.0025,2.5,"linesearch | 5*eta0"
10,-247868.420004783,28.4943145869685,1,2,0.000625,1,123,1000,2,"gaussian","linesearch",5e-04,5,"5*eta0",0.0025,2.5,"linesearch | 5*eta0"
11,-247859.913415195,23.8629638965793,1,2,0.000625,1,123,1000,2,"gaussian","linesearch",5e-04,5,"5*eta0",0.0025,2.5,"linesearch | 5*eta0"
12,-247853.904914139,20.0198617297962,1,2,0.000625,1,123,1000,2,"gaussian","linesearch",5e-04,5,"5*eta0",0.0025,2.5,"linesearch | 5*eta0"
13,-247849.637363327,16.8245771184401,1,2,0.000625,1,123,1000,2,"gaussian","linesearch",5e-04,5,"5*eta0",0.0025,2.5,"linesearch | 5*eta0"
14,-247846.592566053,14.1622992195287,1,2,0.000625,1,123,1000,2,"gaussian","linesearch",5e-04,5,"5*eta0",0.0025,2.5,"linesearch | 5*eta0"
15,-247844.411977508,11.9393919693493,1,2,0.000625,1,123,1000,2,"gaussian","linesearch",5e-04,5,"5*eta0",0.0025,2.5,"linesearch | 5*eta0"
16,-247842.845311689,10.0795042921649,1,2,0.000625,1,123,1000,2,"gaussian","linesearch",5e-04,5,"5*eta0",0.0025,2.5,"linesearch | 5*eta0"
17,-247841.716603252,8.5203018631392,1,2,0.000625,1,123,1000,2,"gaussian","linesearch",5e-04,5,"5*eta0",0.0025,2.5,"linesearch | 5*eta0"
18,-247840.901424331,7.21078478157798,1,2,0.000625,1,123,1000,2,"gaussian","linesearch",5e-04,5,"5*eta0",0.0025,2.5,"linesearch | 5*eta0"
19,-247840.311376085,6.1091156498479,1,2,0.000625,1,123,1000,2,"gaussian","linesearch",5e-04,5,"5*eta0",0.0025,2.5,"linesearch | 5*eta0"
20,-247839.88341133,5.18087366993347,1,2,0.000625,1,123,1000,2,"gaussian","linesearch",5e-04,5,"5*eta0",0.0025,2.5,"linesearch | 5*eta0"
21,-247839.572415511,4.39765566490632,1,2,0.000625,1,123,1000,2,"gaussian","linesearch",5e-04,5,"5*eta0",0.0025,2.5,"linesearch | 5*eta0"
22,-247839.346013776,3.73595561327435,1,2,0.000625,1,123,1000,2,"gaussian","linesearch",5e-04,5,"5*eta0",0.0025,2.5,"linesearch | 5*eta0"
23,-247839.180914612,3.1762660374863,1,2,0.000625,1,123,1000,2,"gaussian","linesearch",5e-04,5,"5*eta0",0.0025,2.5,"linesearch | 5*eta0"
24,-247839.060322928,2.70235548788383,1,2,0.000625,1,123,1000,2,"gaussian","linesearch",5e-04,5,"5*eta0",0.0025,2.5,"linesearch | 5*eta0"
25,-247838.972102588,2.30068570706893,1,2,0.000625,1,123,1000,2,"gaussian","linesearch",5e-04,5,"5*eta0",0.0025,2.5,"linesearch | 5*eta0"
26,-247838.907466692,1.95993973272296,1,2,0.000625,1,123,1000,2,"gaussian","linesearch",5e-04,5,"5*eta0",0.0025,2.5,"linesearch | 5*eta0"
27,-247838.860041486,1.67063834167843,1,2,0.000625,1,123,1000,2,"gaussian","linesearch",5e-04,5,"5*eta0",0.0025,2.5,"linesearch | 5*eta0"
28,-247838.82519547,1.42482708588564,1,2,0.000625,1,123,1000,2,"gaussian","linesearch",5e-04,5,"5*eta0",0.0025,2.5,"linesearch | 5*eta0"
29,-247838.79955738,1.21581996301181,1,2,0.000625,1,123,1000,2,"gaussian","linesearch",5e-04,5,"5*eta0",0.0025,2.5,"linesearch | 5*eta0"
30,-247838.780669359,1.03798871805067,1,2,0.000625,1,123,1000,2,"gaussian","linesearch",5e-04,5,"5*eta0",0.0025,2.5,"linesearch | 5*eta0"
31,-247838.766736613,0.886589069970301,1,2,0.000625,1,123,1000,2,"gaussian","linesearch",5e-04,5,"5*eta0",0.0025,2.5,"linesearch | 5*eta0"
32,-247838.756446534,0.757616946332403,1,2,0.000625,1,123,1000,2,"gaussian","linesearch",5e-04,5,"5*eta0",0.0025,2.5,"linesearch | 5*eta0"
33,-247838.74883777,0.647689204979601,1,2,0.000625,1,123,1000,2,"gaussian","linesearch",5e-04,5,"5*eta0",0.0025,2.5,"linesearch | 5*eta0"
34,-247838.743205199,0.553944415370054,1,2,0.000625,1,123,1000,2,"gaussian","linesearch",5e-04,5,"5*eta0",0.0025,2.5,"linesearch | 5*eta0"
35,-247838.739030953,0.473960132216882,1,2,0.000625,1,123,1000,2,"gaussian","linesearch",5e-04,5,"5*eta0",0.0025,2.5,"linesearch | 5*eta0"
36,-247838.735934163,0.405683773805394,1,2,0.000625,1,123,1000,2,"gaussian","linesearch",5e-04,5,"5*eta0",0.0025,2.5,"linesearch | 5*eta0"
37,-247838.73363433,0.34737475723942,1,2,0.000625,1,123,1000,2,"gaussian","linesearch",5e-04,5,"5*eta0",0.0025,2.5,"linesearch | 5*eta0"
38,-247838.731924664,0.29755597386806,1,2,0.000625,1,123,1000,2,"gaussian","linesearch",5e-04,5,"5*eta0",0.0025,2.5,"linesearch | 5*eta0"
39,-247838.730652503,0.254973033973541,1,2,0.000625,1,123,1000,2,"gaussian","linesearch",5e-04,5,"5*eta0",0.0025,2.5,"linesearch | 5*eta0"
40,-247838.729704998,0.218559988645349,1,2,0.000625,1,123,1000,2,"gaussian","linesearch",5e-04,5,"5*eta0",0.0025,2.5,"linesearch | 5*eta0"
41,-247838.728998674,0.18741046266324,1,2,0.000625,1,123,1000,2,"gaussian","linesearch",5e-04,5,"5*eta0",0.0025,2.5,"linesearch | 5*eta0"
42,-247838.728471669,0.160753316013783,1,2,0.000625,1,123,1000,2,"gaussian","linesearch",5e-04,5,"5*eta0",0.0025,2.5,"linesearch | 5*eta0"
43,-247838.728078143,0.137932101831106,1,2,0.000625,1,123,1000,2,"gaussian","linesearch",5e-04,5,"5*eta0",0.0025,2.5,"linesearch | 5*eta0"
44,-247838.727784052,0.118387711700072,1,2,0.000625,1,123,1000,2,"gaussian","linesearch",5e-04,5,"5*eta0",0.0025,2.5,"linesearch | 5*eta0"
45,-247838.727564092,0.101643700597592,1,2,0.000625,1,123,1000,2,"gaussian","linesearch",5e-04,5,"5*eta0",0.0025,2.5,"linesearch | 5*eta0"
46,-247838.727399456,0.0872938673971885,1,2,0.000625,1,123,1000,2,"gaussian","linesearch",5e-04,5,"5*eta0",0.0025,2.5,"linesearch | 5*eta0"
47,-247838.727276137,0.0749917361091329,1,2,0.000625,1,123,1000,2,"gaussian","linesearch",5e-04,5,"5*eta0",0.0025,2.5,"linesearch | 5*eta0"
48,-247838.727183714,0.0644416404952075,1,2,0.000625,1,123,1000,2,"gaussian","linesearch",5e-04,5,"5*eta0",0.0025,2.5,"linesearch | 5*eta0"
49,-247838.727114379,0.0553911625004354,1,2,0.000625,1,123,1000,2,"gaussian","linesearch",5e-04,5,"5*eta0",0.0025,2.5,"linesearch | 5*eta0"
50,-247838.727062344,0.0476247147887866,1,2,0.000625,1,123,1000,2,"gaussian","linesearch",5e-04,5,"5*eta0",0.0025,2.5,"linesearch | 5*eta0"
51,-247838.727023258,0.0409580909451959,1,2,0.000625,1,123,1000,2,"gaussian","linesearch",5e-04,5,"5*eta0",0.0025,2.5,"linesearch | 5*eta0"
52,-247838.726993888,0.0352338347379833,1,2,0.000625,1,123,1000,2,"gaussian","linesearch",5e-04,5,"5*eta0",0.0025,2.5,"linesearch | 5*eta0"
53,-247838.72697181,0.0303173031553666,1,2,0.000625,1,123,1000,2,"gaussian","linesearch",5e-04,5,"5*eta0",0.0025,2.5,"linesearch | 5*eta0"
54,-247838.726955203,0.026093317488968,1,2,0.000625,1,123,1000,2,"gaussian","linesearch",5e-04,5,"5*eta0",0.0025,2.5,"linesearch | 5*eta0"
55,-247838.726942692,0.0224633131700405,1,2,0.000625,1,123,1000,2,"gaussian","linesearch",5e-04,5,"5*eta0",0.0025,2.5,"linesearch | 5*eta0"
56,-247838.726933277,0.019342912879829,1,2,0.000625,1,123,1000,2,"gaussian","linesearch",5e-04,5,"5*eta0",0.0025,2.5,"linesearch | 5*eta0"
57,-247838.726926178,0.0166598590865814,1,2,0.000625,1,123,1000,2,"gaussian","linesearch",5e-04,5,"5*eta0",0.0025,2.5,"linesearch | 5*eta0"
58,-247838.726920814,0.014352251963682,1,2,0.000625,1,123,1000,2,"gaussian","linesearch",5e-04,5,"5*eta0",0.0025,2.5,"linesearch | 5*eta0"
59,-247838.726916788,0.0123670469070937,1,2,0.000625,1,123,1000,2,"gaussian","linesearch",5e-04,5,"5*eta0",0.0025,2.5,"linesearch | 5*eta0"
60,-247838.726913747,0.0106587728489305,1,2,0.000625,1,123,1000,2,"gaussian","linesearch",5e-04,5,"5*eta0",0.0025,2.5,"linesearch | 5*eta0"
61,-247838.726911436,0.00918843845691094,1,2,0.000625,1,123,1000,2,"gaussian","linesearch",5e-04,5,"5*eta0",0.0025,2.5,"linesearch | 5*eta0"
